month_period,id,masterId,propertyId,roomId,numChild,price,commission,range_booking_arrival,num_of_nights,price_per_day,year,month,year_month,used_room_nights,leftover_rooms
2022-06,31831080.5,57630054.20018536,158986.0,350455.0,0.0,525000.0,117075.0,1.0,2.0,262500.0,2022,6,2022_06,4.0,236.0
2022-07,32790465.0,57630054.200185366,158986.0,350455.0,0.0,615581.5454545454,103569.63636363635,0.5454545454545454,2.272727272727273,254484.18181818185,2022,7,2022_07,57.0,191.0
2022-08,33589452.64864865,53087877.02717732,158986.0,350455.0,0.054054054054054,564954.0540540541,114685.67567567568,1.108108108108108,2.027027027027027,279558.4459459459,2022,8,2022_08,98.0,150.0
2022-09,34474862.73076923,57630054.20018535,158986.0,350455.0,0.0,452721.6923076923,91902.53846153848,1.0,3.0,200518.0476190476,2022,9,2022_09,72.0,168.0
2022-10,35141282.853658535,57085685.780668646,158986.0,350455.0,0.0,469944.512195122,100916.14634146342,1.2439024390243902,2.2439024390243905,225499.48170731709,2022,10,2022_10,102.0,146.0
2022-11,35988632.428571425,55558323.46683437,158986.0,350455.0,0.0,438426.1904761905,89000.52380952382,1.5238095238095235,2.0476190476190474,223216.66666666663,2022,11,2022_11,65.0,175.0
2022-12,36481798.2631579,51914907.30539974,158986.0,350455.0,0.0,881620.8947368421,178969.05263157896,9.736842105263158,3.526315789473684,253832.7975708502,2022,12,2022_12,97.0,151.0
2023-01,37184048.84210526,56567796.66333349,158986.0,350455.0,0.0,332865.7894736842,67571.73684210527,10.68421052631579,2.0,207146.4912280702,2023,1,2023_01,44.0,204.0
2023-02,37671492.875,55141789.17516219,158986.0,350455.0,0.0,775218.75,157369.25,25.625,4.0,216838.06818181815,2023,2,2023_02,40.0,184.0
2023-03,39632186.13793104,53943843.5725608,158986.0,350455.0,0.0,428241.3793103448,79233.0,0.5517241379310345,2.931034482758621,195752.08412277375,2023,3,2023_03,110.0,138.0
2023-04,40774348.5,57630054.20018536,158986.0,350455.0,0.0,407833.3333333333,82790.33333333333,3.6666666666666665,1.8333333333333333,241166.66666666663,2023,4,2023_04,93.0,147.0
2023-05,41983576.51111111,57281697.151292354,158986.0,350455.0,0.0,859827.2222222222,174545.04444444444,3.2888888888888888,3.022222222222222,291269.85185185185,2023,5,2023_05,179.0,69.0
2023-06,42928410.78787879,56282150.45471396,158986.0,350455.0,0.0,667375.2424242424,135477.13636363635,6.893939393939394,2.363636363636364,284526.81944444444,2023,6,2023_06,204.0,36.0
2023-07,44175639.22857143,56667665.00017212,158986.0,350455.0,0.0428571428571428,1076798.2571428572,218590.08571428573,4.971428571428572,2.571428571428572,438888.63581632654,2023,7,2023_07,208.0,40.0
2023-08,44705167.20987655,56324402.61251273,158986.0,350455.0,0.0246913580246913,1195109.4320987654,242607.22222222225,18.160493827160494,2.888888888888889,410066.6161081717,2023,8,2023_08,247.0,1.0
2023-09,46284853.66666666,56680126.517503865,158986.0,350455.0,0.0,981565.8133333334,199257.92,5.293333333333333,2.6,391269.7586666666,2023,9,2023_09,226.0,14.0
2023-10,47366411.7,56916242.12874354,158986.0,350455.0,0.0,845114.1285714286,171558.1857142857,2.0142857142857142,2.4571428571428573,354497.2116246499,2023,10,2023_10,214.0,34.0
2023-11,48362491.54545455,57196700.50926784,158986.0,350455.0,0.0,595681.3636363636,120923.36363636365,1.5,2.1818181818181817,271962.1022727273,2023,11,2023_11,89.0,151.0
2023-12,49454270.73333333,56270246.66682113,158986.0,350455.0,0.0333333333333333,712525.5,144642.66666666666,1.8666666666666667,2.6,268424.975,2023,12,2023_12,140.0,108.0
2024-01,50268328.18367347,55982734.91034784,158986.0,350455.0,0.0,435598.1428571429,88426.57142857143,2.7755102040816326,1.959183673469388,218684.0787172012,2024,1,2024_01,154.0,94.0
2024-02,51293774.5625,57630054.20018536,158986.0,350455.0,0.0,535318.53125,108669.53125,4.375,2.40625,230213.05580357145,2024,2,2024_02,133.0,99.0
2024-03,52594274.88235294,57336603.3942921,158986.0,350455.0,0.0294117647058823,929765.5294117648,188742.4705882353,3.411764705882353,3.852941176470588,253769.447932114,2024,3,2024_03,194.0,54.0
2024-04,53877992.29166666,57311285.41266992,158986.0,350455.0,0.0,567756.3958333334,115254.5625,3.1875,2.125,268764.94444444444,2024,4,2024_04,202.0,38.0
2024-05,55032832.18333333,57579512.030182265,158986.0,350455.0,0.0333333333333333,815039.3833333333,165452.96666666667,1.6333333333333333,2.3833333333333333,352256.38611111115,2024,5,2024_05,180.0,68.0
2024-06,56360034.03571428,57560821.95731829,158986.0,350455.0,0.0,1036944.0714285716,210499.625,1.9107142857142856,2.892857142857143,350078.7085104875,2024,6,2024_06,168.0,72.0
2024-07,57750480.25,57667751.58585993,158986.0,350455.0,0.1071428571428571,1623679.5357142857,329606.96428571426,3.928571428571429,3.107142857142857,543844.7442472641,2024,7,2024_07,233.0,15.0
2024-08,58571193.2987013,57687870.92484624,158986.0,350455.0,0.0389610389610389,1854291.5324675324,382712.3766233766,11.948051948051948,2.831168831168831,677183.95572047,2024,8,2024_08,236.0,12.0
2024-09,60232072.953125,57801599.32829878,158986.0,350455.0,0.0,1249290.46875,253605.9375,3.578125,2.8125,445687.28504464286,2024,9,2024_09,220.0,20.0
2024-10,61378705.82758621,58189212.96222557,158986.0,350455.0,0.0,787950.6206896552,159953.93103448275,2.189655172413793,2.155172413793104,375152.8411330049,2024,10,2024_10,158.0,90.0
2024-11,62505475.19444445,58165363.06683143,158986.0,350455.0,0.0,702308.9166666666,142568.55555555556,1.9722222222222223,2.333333333333333,306072.6180555556,2024,11,2024_11,89.0,151.0
2024-12,63392856.75,57630054.20018536,158986.0,350455.0,0.0,1218279.5,247310.75,6.625,3.875,335240.7767857143,2024,12,2024_12,63.0,185.0
2025-01,64757299.70731708,58149120.039196186,158986.0,350455.0,0.024390243902439,706485.0,139756.82926829267,1.902439024390244,3.317073170731707,231363.40977932635,2025,1,2025_01,169.0,79.0
2025-02,65854466.03571428,57630054.20018536,158986.0,350455.0,0.0,889880.6428571428,180645.7857142857,5.964285714285714,3.892857142857143,245851.02108843537,2025,2,2025_02,174.0,50.0
2025-03,67150959.1875,58853165.77932885,158986.0,350455.0,0.0,527299.9583333334,107041.9375,5.291666666666667,2.2916666666666665,238758.4701388889,2025,3,2025_03,185.0,63.0
2025-04,68704190.46774194,57809585.27760173,158986.0,350455.0,0.0,729307.4032258064,146739.67741935485,2.903225806451613,2.919354838709677,263294.1552547363,2025,4,2025_04,214.0,26.0
2025-05,69712881.01818182,58057991.17472408,158986.0,350455.0,0.0,1037997.4727272728,210713.47272727272,5.709090909090909,3.2,344793.71876750706,2025,5,2025_05,245.0,3.0
2025-06,71260824.76470588,58435705.2325274,158986.0,350455.0,0.0,1060257.5882352942,215232.2794117647,3.014705882352941,2.7058823529411766,408317.3222689076,2025,6,2025_06,205.0,35.0
2025-07,72140785.0,59162992.91595532,158986.0,350455.0,0.0,1692384.7368421052,343554.15789473685,7.894736842105263,3.5789473684210527,475310.4909048938,2025,7,2025_07,139.0,109.0
2026-01,80634072.28571428,57630054.20018536,158986.0,350455.0,0.0,1259276.857142857,217854.85714285716,2.0,4.857142857142857,259618.86904761905,2026,1,2026_01,55.0,193.0
2026-03,81204914.5,57630054.20018536,158986.0,350455.0,0.0,1521000.0,263133.0,49.5,5.5,277875.0,2026,3,2026_03,11.0,237.0
2026-04,80970953.0,57630054.20018536,158986.0,350455.0,0.0,2065500.0,357331.5,77.5,6.0,344250.0,2026,4,2026_04,12.0,228.0
2026-05,81070741.0,57630054.20018536,158986.0,350455.0,0.0,1311037.0,226810.0,117.0,4.0,327759.25,2026,5,2026_05,4.0,244.0
2026-06,81022755.0,57630054.20018536,158986.0,350455.0,1.0,3179245.0,550010.0,154.0,7.0,454177.8571428572,2026,6,2026_06,7.0,233.0
2026-07,80800804.5,69215429.10009268,158986.0,350455.0,1.0,2844358.0,492073.75,178.0,5.0,568871.6,2026,7,2026_07,20.0,228.0
2026-08,80631308.0,76031055.64003707,158986.0,350455.0,1.0,1727827.0,298914.0,214.0,3.0,575942.3333333334,2026,8,2026_08,15.0,233.0
2026-09,81315542.0,76578442.84003708,158986.0,350455.0,0.0,1143000.0,197739.0,243.0,2.0,571500.0,2026,9,2026_09,10.0,230.0
2022-07,32992466.83333333,53536870.8334878,158990.0,350464.0,0.25,646339.9166666666,116341.33333333331,1.1666666666666667,2.5,281179.9722222222,2022,7,2022_07,42.0,330.0
2022-08,33348352.27835052,52815899.38777792,158990.0,350464.0,0.0309278350515463,808832.8762886598,145589.96907216494,7.041237113402062,2.6082474226804124,311115.4060710195,2022,8,2022_08,280.0,92.0
2022-09,34248193.07936508,56148620.187475175,158990.0,350464.0,0.0317460317460317,832563.2063492064,149861.3650793651,3.920634920634921,2.619047619047619,340028.2001133787,2022,9,2022_09,232.0,128.0
2022-10,35051167.69387755,53501510.18382479,158990.0,350464.0,0.0,848354.2653061225,160877.20408163266,6.591836734693878,2.4489795918367347,350425.32312925166,2022,10,2022_10,188.0,184.0
2022-11,35637954.51724138,51549355.14496181,158990.0,350464.0,0.0,910494.0,163888.93103448275,12.275862068965518,2.896551724137931,326374.18160919537,2022,11,2022_11,155.0,205.0
2022-12,36617089.36363637,53826400.648636505,158990.0,350464.0,0.0,1138049.818181818,204848.9696969697,11.030303030303031,2.6666666666666665,402288.1383061383,2022,12,2022_12,106.0,266.0
2023-01,37205429.47826087,52275106.75665874,158990.0,350464.0,0.0,1001570.0434782607,180282.65217391303,15.173913043478262,3.4347826086956523,350169.39411572414,2023,1,2023_01,152.0,220.0
2023-02,37980137.54166666,50204018.79178252,158990.0,350464.0,0.0,1290213.375,232238.41666666663,23.45833333333333,3.75,315417.1875,2023,2,2023_02,114.0,222.0
2023-03,39202578.78571428,53616526.33585993,158990.0,350464.0,0.0,1578327.9642857143,284099.03571428574,15.071428571428571,4.142857142857143,416551.2174036281,2023,3,2023_03,202.0,170.0
2023-04,40351689.9245283,52821258.08692535,158990.0,350464.0,0.0,1097180.5283018867,197492.5283018868,12.943396226415096,2.547169811320755,428310.3647798742,2023,4,2023_04,222.0,138.0
2023-05,41334363.64044944,55968935.95522279,158990.0,350464.0,0.0,1151235.4719101123,207222.35955056176,17.820224719101123,2.460674157303371,469942.5548421616,2023,5,2023_05,265.0,107.0
2023-06,41795087.3373494,55015998.08449368,158990.0,350464.0,0.0,1481999.9156626507,266759.9638554217,36.72289156626506,2.9759036144578315,502095.74016064254,2023,6,2023_06,288.0,72.0
2023-07,41897590.94827586,54415276.59325366,158990.0,350464.0,0.0,2105962.396551724,379073.2586206897,63.27586206896552,3.1379310344827585,681056.7412151068,2023,7,2023_07,268.0,104.0
2023-08,41956189.19354839,53331895.48078418,158990.0,350464.0,0.0,2009166.5241935484,361649.9516129032,92.71774193548389,2.620967741935484,758834.3798387096,2023,8,2023_08,345.0,27.0
2023-09,45324751.16504855,55340600.89335685,158990.0,350464.0,0.0,2132011.3980582524,383762.0776699029,31.87378640776699,2.8058252427184467,793237.8361534905,2023,9,2023_09,336.0,24.0
2023-10,46820833.34065934,55379241.34740144,158990.0,350464.0,0.0,1315635.8461538462,236814.46153846156,17.065934065934066,2.7252747252747254,483448.9005494506,2023,10,2023_10,274.0,98.0
2023-11,47943067.05405405,54812989.25418932,158990.0,350464.0,0.0,978210.9189189188,176078.0,14.513513513513514,2.675675675675676,375963.77895752894,2023,11,2023_11,125.0,235.0
2023-12,49024462.57575758,54795884.13345691,158990.0,350464.0,0.0,1310588.0909090908,255958.0303030303,9.696969696969695,2.727272727272727,492395.2424242424,2023,12,2023_12,102.0,84.0
2024-01,50220720.26470588,56335305.84132912,158990.0,350464.0,0.0,963222.7941176472,221541.20588235292,3.0294117647058822,2.735294117647059,401984.026114082,2024,1,2024_01,108.0,78.0
2024-02,51067843.26530612,56335905.9960659,158990.0,350464.0,0.0,1038929.6530612244,237431.32653061225,11.122448979591836,2.7346938775510203,376748.880952381,2024,2,2024_02,159.0,15.0
2024-03,51727380.309523806,56917467.34302044,158990.0,350464.0,0.0,1101188.4761904762,251109.07142857145,24.666666666666668,2.5476190476190474,430738.6666666667,2024,3,2024_03,147.0,39.0
2024-04,53077905.11627907,56820200.21410867,158990.0,350464.0,0.0,1175028.1162790698,266152.6046511628,24.232558139534884,2.488372093023256,502109.5149501661,2024,4,2024_04,125.0,55.0
2024-05,53788851.654545456,56294329.2910439,158990.0,350464.0,0.0,1372960.1090909091,315780.8181818182,33.50909090909091,2.709090909090909,503432.8627705628,2024,5,2024_05,170.0,16.0
2024-06,53959780.27027027,55454065.90281292,158990.0,350464.0,0.0,1739967.5675675676,400192.5135135135,58.729729729729726,3.027027027027027,614018.9189189189,2024,6,2024_06,124.0,26.0
2024-07,55162918.96078432,56727462.16876557,158990.0,350464.0,0.0,2081704.9019607843,478792.137254902,64.05882352941177,2.6862745098039214,775962.6470588235,2024,7,2024_07,139.0,16.0
2024-08,55036624.58,57476111.75618165,158990.0,350464.0,0.0,2408279.5,553904.28,98.28,2.64,908462.5,2024,8,2024_08,150.0,5.0
2024-09,57336861.0,57054373.100141466,158990.0,350464.0,0.0,2131049.4736842103,490141.36842105264,72.71052631578948,3.0526315789473686,705278.245614035,2024,9,2024_09,128.0,22.0
2024-10,58904566.71428572,57741539.13350104,158990.0,350464.0,0.0,1462754.2857142857,339035.28571428574,63.0,2.7142857142857144,544072.380952381,2024,10,2024_10,77.0,78.0
2024-11,61668562.05128205,58004822.702716194,158990.0,350464.0,0.0,1077336.5384615385,248680.41025641025,26.23076923076923,2.6153846153846154,402890.8653846154,2024,11,2024_11,113.0,37.0
2024-12,62584166.176470585,57905525.12958622,158990.0,350464.0,0.0,2343651.647058824,550303.1176470588,31.352941176470587,4.470588235294118,512450.4033613445,2024,12,2024_12,92.0,63.0
2025-01,64202700.8,58167596.584170535,158990.0,350464.0,0.0,1354336.0,300733.28,16.44,4.32,337887.71428571426,2025,1,2025_01,108.0,47.0
2025-02,64705718.35294118,58658822.635446765,158990.0,350464.0,0.0,986658.588235294,226931.41176470587,33.76470588235294,3.411764705882353,303854.4068627451,2025,2,2025_02,99.0,41.0
2025-03,66964629.176470585,58793063.47075179,158990.0,350464.0,0.0,1676055.4117647058,385492.7647058824,9.823529411764708,4.117647058823529,379633.5742055443,2025,3,2025_03,69.0,86.0
2025-04,68210270.84615384,59955634.538604125,158990.0,350464.0,0.0,1283753.076923077,295263.3076923077,19.76923076923077,2.6153846153846154,492410.7692307693,2025,4,2025_04,82.0,68.0
2025-05,69707305.68965517,57980938.22776517,158990.0,350464.0,0.0,1175623.0344827587,261142.55172413797,8.03448275862069,2.2413793103448274,514741.8632183908,2025,5,2025_05,101.0,54.0
2025-06,70756295.52380952,58697593.94302485,158990.0,350464.0,0.0,1363535.1904761903,313362.9761904762,15.80952380952381,2.6904761904761907,499612.4638888889,2025,6,2025_06,138.0,12.0
2025-07,70931362.42857143,60086338.97565774,158990.0,350464.0,0.0204081632653061,1820736.9795918367,421537.1632653061,43.775510204081634,2.63265306122449,679414.6268707482,2025,7,2025_07,152.0,3.0
2025-08,71000969.02272727,58834778.06380066,158990.0,350464.0,0.0,2159070.0681818184,496586.1818181818,75.36363636363636,2.7954545454545454,748094.6856060607,2025,8,2025_08,147.0,8.0
2025-09,73776290.01886792,60602014.95486736,158990.0,350464.0,0.0,1453310.641509434,335316.641509434,41.24528301886792,2.150943396226415,679306.2955974842,2025,9,2025_09,143.0,7.0
2025-10,76473257.35555555,60113452.57349398,158990.0,350464.0,0.0,1219211.8,299620.26666666666,11.422222222222222,3.466666666666667,555389.7322222223,2025,10,2025_10,196.0,-41.0
2025-11,76985078.06060606,60432855.86682394,158990.0,350464.0,0.0,886456.5151515151,203885.0909090909,28.484848484848484,2.272727272727273,389242.5858585859,2025,11,2025_11,108.0,42.0
2025-12,78406222.12,61474911.480148286,158990.0,350464.0,0.0,1184570.76,266218.8,30.92,2.56,460872.008,2025,12,2025_12,85.0,70.0
2026-01,79813159.23809524,58738439.52398606,158990.0,350464.0,0.0,1344179.1904761903,309161.38095238095,21.52380952380953,3.238095238095238,405258.5598639456,2026,1,2026_01,118.0,37.0
2026-02,78558657.16666667,61068387.50015447,158990.0,350464.0,0.0,1245308.6666666667,286421.0,85.66666666666667,3.0,410814.3452380952,2026,2,2026_02,34.0,106.0
2026-03,76776950.71428572,62184185.57156097,158990.0,350464.0,0.0,1643979.0,378115.1428571429,151.14285714285714,3.7142857142857135,444389.9880952381,2026,3,2026_03,26.0,129.0
2022-06,31888793.33333333,57630054.20018536,161014.0,354680.0,0.0,1623000.0,292140.0,2.0,3.0,519000.0,2022,6,2022_06,12.0,18.0
2022-07,32572713.6,57630054.20018536,161014.0,354680.0,0.0,1449000.0,260820.0,8.4,2.2,657000.0,2022,7,2022_07,22.0,9.0
2022-08,33361228.0,57630054.20018536,161014.0,354680.0,0.0,1805833.3333333333,325050.0,10.333333333333334,2.5,716458.3333333334,2022,8,2022_08,31.0,0.0
2022-09,33773275.0,54726461.42516219,161014.0,354680.0,0.0,1519650.0,259362.0,23.375,2.25,672637.5,2022,9,2022_09,23.0,7.0
2022-10,34553728.166666664,57630054.20018536,161014.0,354680.0,0.0,565333.3333333334,101760.0,20.166666666666668,1.3333333333333333,355333.3333333333,2022,10,2022_10,28.0,3.0
2022-11,35978679.5,57630054.20018536,161014.0,354680.0,0.0,1620000.0,291600.0,1.0,2.5,648000.0,2022,11,2022_11,21.0,9.0
2022-12,36011822.333333336,50251681.46679024,161014.0,354680.0,0.0,3555000.0,639900.0,32.333333333333336,4.0,851250.0,2022,12,2022_12,17.0,14.0
2023-01,37339685.333333336,57630054.20018536,161014.0,354680.0,0.0,2107500.0,379350.0,11.666666666666666,2.833333333333333,727500.0,2023,1,2023_01,23.0,8.0
2023-02,38530653.66666666,57630054.20018536,161014.0,354680.0,0.0,3150000.0,567000.0,4.0,4.666666666666667,675000.0,2023,2,2023_02,14.0,14.0
2023-03,39712774.625,57630054.20018536,161014.0,354680.0,0.0,1518750.0,273375.0,1.75,2.0,742500.0,2023,3,2023_03,18.0,13.0
2023-04,40539748.88888889,57630054.20018536,161014.0,354680.0,0.0,1215000.0,218700.0,9.22222222222222,1.5555555555555556,755000.0,2023,4,2023_04,17.0,13.0
2023-05,40695434.5,57630054.20018536,161014.0,354680.0,0.0,1717500.0,309150.0,37.0,2.333333333333333,727500.0,2023,5,2023_05,27.0,4.0
2023-06,41044873.54545455,55875945.00016851,161014.0,354680.0,0.0,1748636.3636363635,314754.54545454547,56.72727272727273,2.1818181818181817,777727.2727272727,2023,6,2023_06,27.0,3.0
2023-07,41848535.09090909,57630054.200185366,161014.0,354680.0,0.0,1942727.2727272727,349690.9090909091,62.81818181818182,2.1818181818181817,887272.7272727273,2023,7,2023_07,29.0,2.0
2023-08,42277399.5,57630054.20018536,161014.0,354680.0,0.0,2000625.0,360112.5,83.375,1.75,1138125.0,2023,8,2023_08,29.0,2.0
2023-09,45294871.55555555,57630054.20018536,161014.0,354680.0,0.0,1983333.3333333333,331200.0,34.111111111111114,2.4444444444444446,815666.6666666666,2023,9,2023_09,27.0,3.0
2023-10,45679664.6,56444572.18016682,161014.0,354680.0,0.0,1680000.0,302400.0,48.2,2.2,768000.0,2023,10,2023_10,26.0,5.0
2023-11,46470618.571428575,56259182.02873031,161014.0,354680.0,0.0,1660714.2857142857,298928.5714285714,56.285714285714285,2.2857142857142856,724285.7142857143,2023,11,2023_11,22.0,8.0
2023-12,47144525.0,57630054.20018536,161014.0,354680.0,0.0,2635000.0,474300.0,70.2,2.6,998333.3333333334,2023,12,2023_12,13.0,18.0
2024-01,50178418.0,57630054.20018536,161014.0,354680.0,0.0,2407500.0,433350.0,3.5,3.5,657000.0,2024,1,2024_01,10.0,21.0
2024-02,51440336.0,57630054.20018536,161014.0,354680.0,0.0,652500.0,117450.0,1.0,1.0,652500.0,2024,2,2024_02,4.0,25.0
2024-03,52117030.16666666,57630054.20018536,161014.0,354680.0,0.0,1578750.0,284175.0,11.833333333333334,2.1666666666666665,728750.0,2024,3,2024_03,19.0,12.0
2024-04,51710741.5,57630054.20018536,161014.0,354680.0,0.0,2026666.6666666667,320700.0,63.0,2.6666666666666665,747916.6666666666,2024,4,2024_04,23.0,7.0
2024-05,54070710.14285714,57630054.20018536,161014.0,354680.0,0.0,2076428.5714285716,373757.1428571429,27.285714285714285,2.7142857142857144,771428.5714285715,2024,5,2024_05,24.0,7.0
2024-06,55336789.333333336,57630054.20018536,161014.0,354680.0,0.0,1860000.0,334800.0,30.666666666666668,2.0,952500.0,2024,6,2024_06,27.0,3.0
2024-07,56689964.583333336,57644826.68350325,161014.0,354680.0,0.0,2099583.333333333,377925.0,25.416666666666668,1.8333333333333333,1134166.6666666667,2024,7,2024_07,28.0,3.0
2024-08,56448922.125,57630054.20018536,161014.0,354680.0,0.0,3684375.0,663187.5,62.0,3.0,1229062.5,2024,8,2024_08,31.0,0.0
2024-09,58225644.71428572,57630054.20018536,161014.0,354680.0,0.0,3105000.0,558900.0,49.42857142857143,2.7142857142857144,1144285.7142857143,2024,9,2024_09,26.0,4.0
2024-10,60433298.11111111,57875619.28905365,161014.0,354680.0,0.0,2003333.3333333333,360600.0,23.77777777777778,1.7777777777777777,1166666.6666666667,2024,10,2024_10,22.0,9.0
2024-12,61894181.25,57630054.20018536,161014.0,354680.0,0.0,3352500.0,603450.0,58.0,3.0,1094062.5,2024,12,2024_12,20.0,11.0
2025-01,63803653.8,57630054.20018536,161014.0,354680.0,0.0,1656000.0,298080.0,32.0,2.2,732000.0,2025,1,2025_01,18.0,13.0
2025-02,65561127.0,57630054.20018536,161014.0,354680.0,0.0,2070000.0,372600.0,2.0,3.0,675000.0,2025,2,2025_02,17.0,11.0
2025-03,63964584.0,58816327.10009268,161014.0,354680.0,0.0,1980000.0,356400.0,97.5,2.0,990000.0,2025,3,2025_03,8.0,23.0
2025-04,67694265.85714285,57630054.20018536,161014.0,354680.0,0.0,2042857.142857143,367714.28571428574,22.285714285714285,2.7142857142857144,750714.2857142857,2025,4,2025_04,24.0,6.0
2025-05,69219736.16666667,57630054.20018536,161014.0,354680.0,0.0,1749000.0,324000.0,19.5,2.333333333333333,747000.0,2025,5,2025_05,26.0,5.0
2025-06,69251798.44444445,58852441.28905365,161014.0,354680.0,0.0,2300000.0,414000.0,48.77777777777778,2.555555555555556,901250.0,2025,6,2025_06,24.0,6.0
2025-07,68864797.0,59689969.76014829,161014.0,354680.0,0.0,3213000.0,578340.0,86.6,2.8,1134000.0,2025,7,2025_07,24.0,7.0
2025-08,68331379.0,57630054.20018536,161014.0,354680.0,0.0,4500000.0,810000.0,136.5,3.25,1391250.0,2025,8,2025_08,31.0,0.0
2025-09,73908910.0,57630054.20018536,161014.0,354680.0,0.0,3656250.0,658125.0,42.75,3.0,1237500.0,2025,9,2025_09,21.0,9.0
2025-10,75456927.33333333,57630054.20018536,161014.0,354680.0,0.0,2430000.0,437400.0,36.0,2.6666666666666665,885000.0,2025,10,2025_10,22.0,9.0
2025-12,79830846.0,57630054.20018536,161014.0,354680.0,0.0,1620000.0,291600.0,4.333333333333333,2.0,810000.0,2025,12,2025_12,12.0,19.0
2026-01,80284997.0,68921222.60009268,161014.0,354680.0,0.0,900000.0,162000.0,0.5,1.5,585000.0,2026,1,2026_01,14.0,17.0
2026-04,77950447.0,66957562.10009268,161014.0,354680.0,0.0,1800000.0,324000.0,162.5,2.5,720000.0,2026,4,2026_04,5.0,25.0
2026-05,81005244.0,57630054.20018536,161014.0,354680.0,0.0,3060000.0,550800.0,129.0,4.0,765000.0,2026,5,2026_05,4.0,27.0
2026-08,79154182.5,68203735.10009268,161014.0,354680.0,0.0,5040000.0,907200.0,256.5,3.5,1440000.0,2026,8,2026_08,9.0,22.0
2022-06,32062282.666666668,57630054.20018536,161014.0,354681.0,0.0,1080000.0,194400.0,1.3333333333333333,2.333333333333333,454500.0,2022,6,2022_06,13.0,17.0
2022-07,32973756.0,57630054.20018536,161014.0,354681.0,0.0,720000.0,129600.0,4.0,1.0,720000.0,2022,7,2022_07,24.0,7.0
2022-08,33029472.14285714,57630054.20018536,161014.0,354681.0,0.0,1421857.142857143,255934.2857142857,19.0,1.8571428571428568,761857.1428571428,2022,8,2022_08,27.0,4.0
2022-09,33949918.0,57630054.20018536,161014.0,354681.0,0.0,1155500.0,207990.0,16.0,1.8333333333333333,641500.0,2022,9,2022_09,26.0,4.0
2022-10,34780500.4,57630054.20018536,161014.0,354681.0,0.0,1079200.0,194256.0,15.6,1.6,668800.0,2022,10,2022_10,16.0,15.0
2022-11,35171148.333333336,57630054.20018536,161014.0,354681.0,0.0,1218000.0,219240.0,34.333333333333336,2.0,609000.0,2022,11,2022_11,9.0,21.0
2022-12,35289324.4,57630054.20018536,161014.0,354681.0,0.0,2547000.0,458460.0,58.8,3.0,802200.0,2022,12,2022_12,18.0,13.0
2023-01,37227092.333333336,57630054.20018536,161014.0,354681.0,0.0,2190000.0,340200.0,11.333333333333334,2.6666666666666665,795000.0,2023,1,2023_01,15.0,16.0
2023-02,36432679.0,57630054.20018536,161014.0,354681.0,0.0,20790000.0,3742200.0,66.0,33.0,630000.0,2023,2,2023_02,25.0,3.0
2023-03,39808987.0,57630054.20018536,161014.0,354681.0,0.0,1234200.0,222156.0,2.6,1.6,676200.0,2023,3,2023_03,16.0,15.0
2023-04,40558148.0,57630054.20018536,161014.0,354681.0,0.0,1768333.3333333333,318300.0,7.333333333333333,2.5,730833.3333333334,2023,4,2023_04,19.0,11.0
2023-05,40681626.66666666,57630054.20018536,161014.0,354681.0,0.0,1445000.0,260100.0,33.0,1.8888888888888888,755000.0,2023,5,2023_05,25.0,6.0
2023-06,41601967.66666666,57630054.20018536,161014.0,354681.0,0.0,2167500.0,390150.0,43.66666666666666,3.0,640500.0,2023,6,2023_06,28.0,2.0
2023-07,41907234.0,57630054.20018536,161014.0,354681.0,0.0,2392500.0,430650.0,63.0,2.857142857142857,870357.1428571428,2023,7,2023_07,29.0,2.0
2023-08,43246246.0,57630054.20018536,161014.0,354681.0,0.0,3369375.0,606487.5,56.0,2.625,1256250.0,2023,8,2023_08,29.0,2.0
2023-09,45917743.4,57630054.20018536,161014.0,354681.0,0.0,2014000.0,362520.0,13.4,2.2,988000.0,2023,9,2023_09,24.0,6.0
2023-10,46860136.4,56444572.18016682,161014.0,354681.0,0.0,2098000.0,377640.0,17.0,2.9,734000.0,2023,10,2023_10,28.0,3.0
2023-11,48112303.0,57630054.20018536,161014.0,354681.0,0.0,802350.0,144423.0,9.75,1.25,644850.0,2023,11,2023_11,13.0,17.0
2023-12,49612072.5,57630054.20018536,161014.0,354681.0,0.0,2250000.0,405000.0,0.5,2.5,888750.0,2023,12,2023_12,11.0,20.0
2024-01,50402042.333333336,57630054.20018536,161014.0,354681.0,0.0,1095000.0,197100.0,3.333333333333333,2.0,555000.0,2024,1,2024_01,6.0,25.0
2024-02,51127239.0,57630054.20018536,161014.0,354681.0,0.0,2093850.0,376893.0,12.0,3.0,697950.0,2024,2,2024_02,10.0,19.0
2024-03,51768477.28571428,56869754.60015888,161014.0,354681.0,0.0,1645714.2857142857,315900.0,24.285714285714285,2.4285714285714284,646071.4285714285,2024,3,2024_03,19.0,12.0
2024-04,53236917.0,57630054.20018536,161014.0,354681.0,0.0,1719000.0,309420.0,17.4,2.2,760500.0,2024,4,2024_04,27.0,3.0
2024-05,53706105.7,56763580.86014829,161014.0,354681.0,0.0,1684500.0,222750.0,39.5,2.3,735000.0,2024,5,2024_05,26.0,5.0
2024-06,55827497.2,56925395.56014829,161014.0,354681.0,0.0,2151000.0,387180.0,14.8,2.4,882000.0,2024,6,2024_06,26.0,4.0
2024-07,56235908.333333336,57677954.622386985,161014.0,354681.0,0.0,3568316.6666666665,642297.0,36.0,2.4444444444444446,1511658.3333333333,2024,7,2024_07,30.0,1.0
2024-08,57863914.625,57555913.30016219,161014.0,354681.0,0.0,2266875.0,408037.5,31.875,1.75,1288125.0,2024,8,2024_08,29.0,2.0
2024-09,59578700.777777776,57858632.177942544,161014.0,354681.0,0.0,2295000.0,413100.0,23.33333333333333,2.2222222222222223,1027500.0,2024,9,2024_09,29.0,1.0
2024-10,61288590.875,57630054.20018536,161014.0,354681.0,0.0,2356875.0,424237.5,4.0,2.625,911250.0,2024,10,2024_10,26.0,5.0
2024-12,62832417.0,57630054.20018536,161014.0,354681.0,0.0,4252500.0,765450.0,35.5,3.5,1356750.0,2024,12,2024_12,19.0,12.0
2025-01,64988245.5,61553808.10009268,161014.0,354681.0,0.0,2340000.0,421200.0,2.0,3.0,742500.0,2025,1,2025_01,16.0,15.0
2025-02,65040503.0,60299815.13345691,161014.0,354681.0,0.0,1906666.6666666667,313200.0,20.33333333333333,3.0,633333.3333333334,2025,2,2025_02,13.0,15.0
2025-03,64913237.333333336,57630054.20018536,161014.0,354681.0,0.0,1485000.0,267300.0,65.33333333333333,1.6666666666666667,855000.0,2025,3,2025_03,14.0,17.0
2025-04,67501677.22222222,59446593.71125528,161014.0,354681.0,0.0,1478888.888888889,266200.0,32.111111111111114,2.0,741388.8888888889,2025,4,2025_04,26.0,4.0
2025-05,69870024.42857143,57630054.20018536,161014.0,354681.0,0.0,1902857.142857143,342514.28571428574,8.714285714285714,2.142857142857143,984642.8571428572,2025,5,2025_05,29.0,2.0
2025-06,68883928.85714285,61487392.11439163,161014.0,354681.0,0.0,2320714.285714286,417728.5714285714,60.142857142857146,2.7142857142857144,859821.4285714285,2025,6,2025_06,26.0,4.0
2025-07,67694008.5,57630054.20018536,161014.0,354681.0,0.0,4125000.0,742500.0,119.83333333333331,3.1666666666666665,1308750.0,2025,7,2025_07,31.0,0.0
2025-08,71086423.875,57630054.20018536,161014.0,354681.0,0.0,3070968.75,552774.375,74.875,2.375,1306781.25,2025,8,2025_08,26.0,5.0
2025-09,74801911.57142857,62797784.71441811,161014.0,354681.0,0.0,3407142.8571428573,613285.7142857143,23.714285714285715,2.857142857142857,1221428.5714285714,2025,9,2025_09,28.0,2.0
2025-10,75542816.0,62316308.15013902,161014.0,354681.0,0.0,2632500.0,477900.0,28.5,2.75,956250.0,2025,10,2025_10,18.0,13.0
2025-11,77855450.0,57630054.20018536,161014.0,354681.0,0.0,1260000.0,226800.0,0.0,2.0,630000.0,2025,11,2025_11,26.0,4.0
2025-12,75986600.0,57630054.20018536,161014.0,354681.0,0.0,3600000.0,648000.0,98.0,3.0,1200000.0,2025,12,2025_12,21.0,10.0
2026-01,81018382.5,57630054.20018536,161014.0,354681.0,0.0,1125000.0,236250.0,1.5,2.5,450000.0,2026,1,2026_01,19.0,12.0
2026-04,76285071.0,76285070.0,161014.0,354681.0,0.0,2160000.0,388800.0,210.0,3.0,720000.0,2026,4,2026_04,3.0,27.0
2026-08,77510335.0,57630054.20018536,161014.0,354681.0,0.0,8505000.0,1530900.0,289.0,7.0,1215000.0,2026,8,2026_08,12.0,19.0
2022-06,31850846.08333333,51188967.06680568,161014.0,354682.0,0.0,964500.0,166320.0,4.333333333333333,2.1666666666666665,453000.0,2022,6,2022_06,49.0,71.0
2022-07,32615817.83333333,56252472.52239728,161014.0,354682.0,0.0,1469583.3333333333,264525.0,5.722222222222222,2.4444444444444446,609625.0,2022,7,2022_07,84.0,40.0
2022-08,32944654.0,55581206.18350324,161014.0,354682.0,0.0,1679726.388888889,302350.75,22.194444444444443,2.583333333333333,656314.0873015872,2022,8,2022_08,113.0,11.0
2022-09,34024302.03225806,57630054.20018536,161014.0,354682.0,0.0,1521892.4193548388,266485.6451612903,14.96774193548387,2.5161290322580645,604486.2311827957,2022,9,2022_09,105.0,15.0
2022-10,34308092.2,57630054.20018536,161014.0,354682.0,0.0,1691500.0,265455.0,28.9,2.75,614982.1428571428,2022,10,2022_10,100.0,24.0
2022-11,35564339.0,57630054.20018536,161014.0,354682.0,0.0,1572300.0,283014.0,12.5,2.6,617400.0,2022,11,2022_11,96.0,24.0
2022-12,36109114.66666666,56295872.18906394,161014.0,354682.0,0.0,1924166.6666666667,346350.0,29.27777777777778,2.611111111111111,737555.5555555555,2022,12,2022_12,81.0,43.0
2023-01,36650302.56,56824932.39217795,161014.0,354682.0,0.0,2127670.0,378660.6,35.64,3.2,665035.0,2023,1,2023_01,86.0,38.0
2023-02,37953176.333333336,57630054.200185366,161014.0,354682.0,0.0,1684652.1333333333,264138.8,24.2,2.533333333333333,656797.0833333334,2023,2,2023_02,48.0,64.0
2023-03,39430934.81818182,56802646.37290421,161014.0,354682.0,0.0,1580488.6363636365,284487.95454545453,5.636363636363637,2.1818181818181817,715431.8181818182,2023,3,2023_03,69.0,55.0
2023-04,40016141.63333333,56431715.953506336,161014.0,354682.0,0.0,1646071.2,292281.9666666667,20.633333333333333,2.433333333333333,680391.85,2023,4,2023_04,91.0,29.0
2023-05,40995002.41666666,55980076.072392136,161014.0,354682.0,0.0,1867902.7777777775,336222.5,27.77777777777778,2.5277777777777777,773465.2777777778,2023,5,2023_05,113.0,11.0
2023-06,41259944.87096774,56491049.99372178,161014.0,354682.0,0.0,1885528.741935484,337454.4193548387,51.064516129032256,2.6129032258064515,721443.8870967742,2023,6,2023_06,112.0,8.0
2023-07,42522741.615384616,57164181.887360096,161014.0,354682.0,0.0,1907322.4615384613,335882.8461538461,45.46153846153846,2.3076923076923075,846435.8034188034,2023,7,2023_07,111.0,13.0
2023-08,42452121.5,54068444.26014829,161014.0,354682.0,0.0,2814750.0,506655.0,79.075,2.55,1111125.0,2023,8,2023_08,117.0,7.0
2023-09,43969506.15909091,55854712.13653214,161014.0,354682.0,0.0,1898863.6363636365,341795.45454545453,71.06818181818181,2.159090909090909,866818.1818181818,2023,9,2023_09,117.0,3.0
2023-10,45979581.075,55672275.29515755,161014.0,354682.0,0.0,1757375.0,316327.5,40.975,2.275,763625.0,2023,10,2023_10,105.0,19.0
2023-11,46285579.31818182,55167365.90016008,161014.0,354682.0,0.0,1818163.6363636365,304206.54545454547,62.36363636363637,2.6818181818181817,673707.2727272727,2023,11,2023_11,69.0,51.0
2023-12,48375964.74074074,57039064.62980126,161014.0,354682.0,0.0,2159988.888888889,388798.0,30.296296296296298,2.3703703703703702,909018.5185185184,2023,12,2023_12,77.0,47.0
2024-01,50104769.26086956,57319509.19148165,161014.0,354682.0,0.0,1721448.6956521738,310529.73913043475,6.304347826086956,2.4782608695652173,696063.2608695652,2024,1,2024_01,71.0,53.0
2024-02,51240163.72,56609349.5281557,161014.0,354682.0,0.0,1330992.0,239578.56,6.2,2.16,623517.0,2024,2,2024_02,63.0,53.0
2024-03,51398505.538461536,54786002.66165253,161014.0,354682.0,0.0,2797692.3076923075,514176.9230769231,33.15384615384615,3.692307692307693,718974.3589743589,2024,3,2024_03,71.0,53.0
2024-04,53341365.54545455,57011371.96379925,161014.0,354682.0,0.0,1573636.3636363635,283254.54545454547,18.33333333333333,2.242424242424242,703545.4545454546,2024,4,2024_04,97.0,23.0
2024-05,53497197.86111111,56071148.72791164,161014.0,354682.0,0.0,2028333.3333333333,362100.0,43.72222222222222,2.6666666666666665,764784.7222222222,2024,5,2024_05,107.0,17.0
2024-06,55309935.77142857,57440414.760174766,161014.0,354682.0,0.0,2303428.571428572,415645.7142857143,27.82857142857143,2.6,876442.8571428572,2024,6,2024_06,104.0,16.0
2024-07,56301481.5882353,57108450.411901,161014.0,354682.0,0.0,2910294.117647059,510273.5294117647,33.6764705882353,2.7058823529411766,1076794.1176470588,2024,7,2024_07,117.0,7.0
2024-08,56485557.43478261,56984618.5871177,161014.0,354682.0,0.0,2901521.7391304346,513469.5652173913,62.391304347826086,2.4130434782608696,1198369.5652173914,2024,8,2024_08,122.0,2.0
2024-09,59086912.28571428,57852814.223010726,161014.0,354682.0,0.0,2631857.1428571427,473734.28571428574,31.6,2.6,1013142.8571428572,2024,9,2024_09,116.0,4.0
2024-10,61170345.15151515,57795148.06684079,161014.0,354682.0,0.0,2178986.363636364,392217.5454545455,11.06060606060606,2.696969696969697,821981.8181818182,2024,10,2024_10,107.0,17.0
2024-11,62152589.0,57630054.20018536,161014.0,354682.0,0.0,1485000.0,267300.0,1.0,2.0,742500.0,2024,11,2024_11,113.0,7.0
2024-12,63325434.2631579,58977713.77908395,161014.0,354682.0,0.0,2191052.6315789474,394389.4736842105,19.63157894736842,2.210526315789474,922631.5789473684,2024,12,2024_12,81.0,43.0
2025-01,63687254.14285714,58505377.74301602,161014.0,354682.0,0.0,1840500.0,331290.0,31.571428571428573,2.607142857142857,709660.7142857143,2025,1,2025_01,90.0,34.0
2025-02,65068485.86363637,60022627.63649002,161014.0,354682.0,0.0,1826909.0909090908,325243.63636363635,26.0,2.863636363636364,647162.8787878788,2025,2,2025_02,76.0,36.0
2025-03,65299435.79310345,59408480.448403694,161014.0,354682.0,0.0,1488034.4827586208,267846.2068965517,50.27586206896552,2.0689655172413794,699261.4942528735,2025,3,2025_03,70.0,54.0
2025-04,66219916.55319149,59280238.66397176,161014.0,354682.0,0.0,1501382.9787234042,270708.5106382979,60.61702127659574,2.042553191489361,733670.2127659575,2025,4,2025_04,103.0,17.0
2025-05,68367803.0,58587616.10016584,161014.0,354682.0,0.0,1842368.421052632,331626.3157894737,38.3421052631579,2.4473684210526314,754848.6842105263,2025,5,2025_05,119.0,5.0
2025-06,68048135.4516129,57875960.41953422,161014.0,354682.0,0.0,2080945.161290323,371016.5806451613,78.35483870967742,2.6451612903225805,800472.5806451613,2025,6,2025_06,108.0,12.0
2025-07,68437162.45454545,60625751.13345691,161014.0,354682.0,0.0,2832727.272727273,511118.1818181818,100.45454545454544,2.5454545454545454,1116136.3636363635,2025,7,2025_07,116.0,8.0
2025-08,68607208.67924528,64064654.56610768,161014.0,354682.0,0.0,2675943.396226415,481669.8113207547,127.52830188679243,2.0943396226415096,1281226.4150943395,2025,8,2025_08,122.0,2.0
2025-09,73298753.14285715,59002474.60015887,161014.0,354682.0,0.0,3016428.571428572,529714.2857142857,51.95238095238095,2.523809523809524,1187380.9523809524,2025,9,2025_09,89.0,31.0
2025-10,76594255.51724137,59466766.59326963,161014.0,354682.0,0.0,2276379.310344828,397179.3103448276,11.241379310344827,2.896551724137931,771982.7586206896,2025,10,2025_10,108.0,16.0
2025-11,77744003.66666667,57630054.20018536,161014.0,354682.0,0.0,630000.0,113400.0,1.0,1.0,630000.0,2025,11,2025_11,99.0,21.0
2025-12,79774398.06666666,62070144.69348162,161014.0,354682.0,0.0,1351000.0,232200.0,4.066666666666666,1.9333333333333331,668500.0,2025,12,2025_12,59.0,65.0
2026-01,79265192.26666667,60222749.90682731,161014.0,354682.0,0.0,1515000.0,301800.0,37.4,2.533333333333333,572000.0,2026,1,2026_01,78.0,46.0
2026-02,80954208.5,69292131.10009268,161014.0,354682.0,0.0,1620000.0,372600.0,31.0,3.0,540000.0,2026,2,2026_02,10.0,102.0
2026-03,81378773.5,69504413.60009268,161014.0,354682.0,0.0,1710000.0,307800.0,54.0,2.0,855000.0,2026,3,2026_03,4.0,120.0
2026-04,77813018.16666667,70066731.40006179,161014.0,354682.0,0.0,1845000.0,332100.0,170.66666666666666,2.6666666666666665,697500.0,2026,4,2026_04,16.0,104.0
2026-07,75224162.0,57630054.20018536,161014.0,354682.0,0.0,4500000.0,810000.0,315.0,4.0,1125000.0,2026,7,2026_07,24.0,100.0
2026-08,78689893.8888889,76136186.46668726,161014.0,354682.0,0.0,4035000.0,726300.0,265.77777777777777,3.0,1345000.0,2026,8,2026_08,51.0,73.0
2022-06,31946922.33333333,54752390.06683143,161014.0,354683.0,0.0,1126500.0,202770.0,4.555555555555555,2.555555555555556,449250.0,2022,6,2022_06,30.0,90.0
2022-07,32294592.2,56382194.9901761,161014.0,354683.0,0.0,1746550.0,296559.0,13.95,2.85,610616.6666666667,2022,7,2022_07,88.0,36.0
2022-08,33026699.173913043,56578422.93061209,161014.0,354683.0,0.0,1623608.6956521738,278937.39130434784,20.30434782608696,2.4347826086956523,665000.0,2022,8,2022_08,102.0,22.0
2022-09,33954236.7037037,56768294.11869701,161014.0,354683.0,0.0,1679481.4814814816,302306.6666666667,18.185185185185187,2.6666666666666665,629546.2962962963,2022,9,2022_09,99.0,21.0
2022-10,34747648.55555555,57630054.20018536,161014.0,354683.0,0.0,1637777.7777777778,288050.0,14.88888888888889,2.555555555555556,638055.5555555555,2022,10,2022_10,89.0,35.0
2022-11,35298435.86666667,57630054.200185366,161014.0,354683.0,0.0,2212500.0,398250.0,26.133333333333333,3.733333333333333,607375.0,2022,11,2022_11,94.0,26.0
2022-12,36509768.333333336,56222033.720173,161014.0,354683.0,0.0,1870483.3333333333,336687.0,12.4,2.6666666666666665,688991.6666666666,2022,12,2022_12,68.0,56.0
2023-01,36665396.63636363,51862518.600134805,161014.0,354683.0,0.0,2110454.5454545454,379881.8181818182,35.18181818181818,2.863636363636364,734772.7272727273,2023,1,2023_01,74.0,50.0
2023-02,37989592.8125,55157573.30016219,161014.0,354683.0,0.0,1464656.25,263638.125,23.5,2.1875,666437.5,2023,2,2023_02,42.0,70.0
2023-03,38854055.0952381,56751514.09541462,161014.0,354683.0,0.0,1885000.0,339300.0,24.857142857142858,2.761904761904762,698571.4285714285,2023,3,2023_03,80.0,44.0
2023-04,40429765.90909091,55535399.5092538,161014.0,354683.0,0.0,1687409.0909090908,303733.63636363635,11.333333333333334,2.484848484848485,692363.6363636364,2023,4,2023_04,92.0,28.0
2023-05,40189070.06666667,54826049.90682731,161014.0,354683.0,0.0,1879000.0,344340.0,50.56666666666667,2.6666666666666665,713000.0,2023,5,2023_05,111.0,13.0
2023-06,41147992.88888889,57630054.20018536,161014.0,354683.0,0.0,1710507.25,304548.9166666667,53.16666666666666,2.388888888888889,722336.9583333334,2023,6,2023_06,110.0,10.0
2023-07,41589585.07407408,56953449.52610441,161014.0,354683.0,0.0,2166833.333333333,390030.0,72.07407407407408,2.4814814814814814,925750.0,2023,7,2023_07,103.0,21.0
2023-08,41730244.29032258,55254690.787258215,161014.0,354683.0,0.0,2843709.6774193547,509690.3225806452,100.90322580645162,2.6451612903225805,1090000.0,2023,8,2023_08,121.0,3.0
2023-09,43941629.777777776,54966209.45015962,161014.0,354683.0,0.0,1992103.1666666667,363303.5833333333,73.30555555555556,2.4722222222222223,819033.7222222222,2023,9,2023_09,109.0,11.0
2023-10,46118053.03333333,53918515.00679641,161014.0,354683.0,0.0,1790833.3333333333,322350.0,39.43333333333333,2.2,833000.0,2023,10,2023_10,93.0,31.0
2023-11,48251978.8125,56508343.55016219,161014.0,354683.0,0.0,2241818.75,403527.375,11.125,3.5,650922.6461038961,2023,11,2023_11,67.0,53.0
2023-12,48945613.07692308,57021856.41555572,161014.0,354683.0,0.0,1999523.076923077,395914.1538461539,15.0,2.5384615384615383,644376.9230769231,2023,12,2023_12,67.0,57.0
2024-01,49981506.36363637,56923702.81835032,161014.0,354683.0,0.0,1110000.0,199800.0,12.181818181818182,1.5454545454545454,708863.6363636364,2024,1,2024_01,45.0,79.0
2024-02,51150627.5,56603992.16682113,161014.0,354683.0,0.0,1248416.6666666667,217215.0,9.166666666666666,2.0,613166.6666666666,2024,2,2024_02,38.0,78.0
2024-03,52690177.54545455,57121842.27289578,161014.0,354683.0,0.0,1555000.0,279900.0,4.090909090909091,2.272727272727273,706590.9090909091,2024,3,2024_03,41.0,83.0
2024-04,52862710.208333336,57267079.80850325,161014.0,354683.0,0.0,2160531.25,379445.625,25.58333333333333,3.125,693062.5,2024,4,2024_04,100.0,20.0
2024-05,53739426.23333333,56829210.76682113,161014.0,354683.0,0.0,2044333.3333333333,367980.0,36.43333333333333,2.6333333333333333,775000.0,2024,5,2024_05,114.0,10.0
2024-06,55180724.31818182,56963470.8456062,161014.0,354683.0,0.0,2511818.1818181816,452127.2727272727,31.5,2.727272727272727,911318.1818181818,2024,6,2024_06,98.0,22.0
2024-07,56722144.63888889,57393918.339048505,161014.0,354683.0,0.0,2548055.5555555555,458650.0,26.38888888888889,2.388888888888889,1075555.5555555555,2024,7,2024_07,104.0,20.0
2024-08,56101766.65853658,57256046.58552408,161014.0,354683.0,0.0,2881219.512195122,513680.4878048781,71.09756097560975,2.341463414634146,1230426.8292682928,2024,8,2024_08,123.0,1.0
2024-09,59106963.0,57704738.01731762,161014.0,354683.0,0.0,2558000.0,460440.0,29.62857142857143,2.571428571428572,998107.1428571428,2024,9,2024_09,118.0,2.0
2024-10,61173626.083333336,57898847.60016992,161014.0,354683.0,0.0,2238750.0,391500.0,10.0,2.583333333333333,863958.3333333334,2024,10,2024_10,100.0,24.0
2024-11,62108737.5,57630054.20018536,161014.0,354683.0,0.0,1560000.0,280800.0,0.5,2.0,780000.0,2024,11,2024_11,116.0,4.0
2024-12,61819562.5,57784743.76014829,161014.0,354683.0,0.0,3123000.0,562140.0,61.1,2.8,1066500.0,2024,12,2024_12,64.0,60.0
2025-01,64024221.0,58501999.51127587,161014.0,354683.0,0.0,2254263.888888889,405767.5555555556,20.88888888888889,3.2222222222222223,733243.0555555555,2025,1,2025_01,89.0,35.0
2025-02,65484384.833333336,58954835.16682114,161014.0,354683.0,0.0,2027111.111111111,364880.0,16.38888888888889,3.111111111111111,644444.4444444445,2025,2,2025_02,62.0,50.0
2025-03,64869062.54545455,58277112.14558935,161014.0,354683.0,0.0,1912136.3636363635,344184.54545454547,67.0,2.5454545454545454,740537.8787878788,2025,3,2025_03,34.0,90.0
2025-04,66288809.823529415,61269453.51185738,161014.0,354683.0,0.0,1735000.0,309388.23529411765,61.05882352941177,2.176470588235294,835882.3529411765,2025,4,2025_04,98.0,22.0
2025-05,69147608.55172414,58948172.45533859,161014.0,354683.0,0.0,1722241.3793103448,301313.7931034483,22.517241379310345,2.310344827586207,748189.6551724138,2025,5,2025_05,116.0,8.0
2025-06,69207598.27272727,58902081.23652653,161014.0,354683.0,0.0,1746515.1515151516,311781.8181818182,50.15151515151515,2.242424242424242,773888.8888888889,2025,6,2025_06,106.0,14.0
2025-07,70783053.93333334,59884597.79348162,161014.0,354683.0,0.0,2571333.333333333,462840.0,46.16666666666666,2.333333333333333,1103166.6666666667,2025,7,2025_07,108.0,16.0
2025-08,69220149.0,62262862.14231285,161014.0,354683.0,0.0,2741666.6666666665,494580.0,114.6,2.1555555555555554,1270333.3333333333,2025,8,2025_08,121.0,3.0
2025-09,73154122.90476191,61827254.94298072,161014.0,354683.0,0.0,2886000.0,519480.0,55.95238095238095,2.571428571428572,1125571.4285714286,2025,9,2025_09,97.0,23.0
2025-10,75914920.45454545,59388708.00016851,161014.0,354683.0,0.0,1836818.1818181816,315040.9090909091,24.5,2.227272727272727,815000.0,2025,10,2025_10,83.0,41.0
2025-12,79681839.72727273,57630054.200185366,161014.0,354683.0,0.0,765000.0,137700.0,3.272727272727273,1.3636363636363635,564545.4545454546,2025,12,2025_12,54.0,70.0
2026-01,80369888.0,57630054.20018536,161014.0,354683.0,0.0,810714.2857142857,133071.42857142858,0.2857142857142857,1.5714285714285714,512500.0,2026,1,2026_01,50.0,74.0
2026-02,80706369.0,57630054.20018536,161014.0,354683.0,0.0,1350000.0,243000.0,24.0,2.0,675000.0,2026,2,2026_02,6.0,106.0
2026-03,81129014.0,57630054.20018536,161014.0,354683.0,0.0,3780000.0,680400.0,51.5,5.0,742500.0,2026,3,2026_03,10.0,114.0
2026-04,76285074.25,71621316.05004634,161014.0,354683.0,0.0,2025000.0,364500.0,210.0,3.0,675000.0,2026,4,2026_04,12.0,108.0
2026-05,74694709.0,57630054.20018536,161014.0,354683.0,0.0,8820000.0,1587600.0,273.0,10.0,882000.0,2026,5,2026_05,25.0,99.0
2026-06,74668769.0,57630054.20018536,161014.0,354683.0,0.0,3420000.0,615600.0,282.0,4.0,855000.0,2026,6,2026_06,20.0,100.0
2026-08,78408524.125,70601183.07506952,161014.0,354683.0,0.0,4050000.0,729000.0,271.0,3.0,1350000.0,2026,8,2026_08,53.0,71.0
2022-07,32528953.0,57630054.20018536,163277.0,359135.0,0.0,1989000.0,298350.0,17.0,4.0,497250.0,2022,7,2022_07,4.0,151.0
2022-08,33109390.33333333,51947844.64116823,163277.0,359135.0,0.1794871794871795,1802292.6923076925,324412.6923076923,20.33333333333333,2.5641025641025643,683066.7094017094,2022,8,2022_08,107.0,48.0
2022-09,33959771.146341465,55282389.9123624,163277.0,359135.0,0.0,1336606.853658537,240243.58536585365,15.195121951219512,2.414634146341464,559127.6000000001,2022,9,2022_09,132.0,18.0
2022-10,35144548.307692304,53601836.08733158,163277.0,359135.0,0.0256410256410256,1320075.9743589745,198011.46153846156,4.461538461538462,2.4615384615384617,533390.6794871795,2022,10,2022_10,138.0,17.0
2022-11,35821058.5,51410783.107275255,163277.0,359135.0,0.25,1113381.75,167007.14285714287,7.607142857142857,3.071428571428572,396654.9136904762,2022,11,2022_11,125.0,25.0
2022-12,36415699.62962963,54453411.57793568,163277.0,359135.0,0.074074074074074,1228558.6296296297,201619.4814814815,14.62962962962963,3.1481481481481484,425164.151675485,2022,12,2022_12,99.0,56.0
2023-01,37388574.333333336,56325186.18683967,163277.0,359135.0,0.2,2332650.6,415467.13333333336,6.266666666666667,3.6,626594.7285714286,2023,1,2023_01,85.0,70.0
2023-02,38141804.222222224,53162109.71125528,163277.0,359135.0,0.2222222222222222,1835325.0,326983.5,18.11111111111111,2.888888888888889,668047.5,2023,2,2023_02,83.0,57.0
2023-03,39324754.7,52205085.04012975,163277.0,359135.0,0.2,2481705.2,446706.8,9.4,3.3,708378.4380952381,2023,3,2023_03,84.0,71.0
2023-04,39842191.42857143,53374398.58585993,163277.0,359135.0,0.0714285714285714,2612539.3571428573,452934.7142857143,35.357142857142854,3.2857142857142856,786018.7000000001,2023,4,2023_04,119.0,31.0
2023-05,40295563.21212121,53626030.58196422,163277.0,359135.0,0.0303030303030303,2237827.878787879,402809.0606060606,46.333333333333336,3.1818181818181817,728053.1815055315,2023,5,2023_05,116.0,39.0
2023-06,41591617.809523806,53990734.53347456,163277.0,359135.0,0.0,2707586.8095238097,484472.90476190473,42.04761904761905,3.761904761904762,738943.5634920635,2023,6,2023_06,134.0,16.0
2023-07,41493173.69444445,49966188.41120894,163277.0,359135.0,0.5555555555555556,3374124.4444444445,607342.3888888889,73.02777777777777,3.4166666666666665,986231.9560185184,2023,7,2023_07,145.0,10.0
2023-08,42211458.01851852,54333751.03348437,163277.0,359135.0,0.2962962962962963,2339501.685185185,421110.27777777775,85.16666666666667,2.2777777777777777,1035049.5,2023,8,2023_08,154.0,1.0
2023-09,44539376.58695652,56813296.88278196,163277.0,359135.0,0.0652173913043478,2451681.7608695654,441302.7608695653,54.28260869565217,2.565217391304348,959379.144927536,2023,9,2023_09,145.0,5.0
2023-10,46254962.97619048,55875003.00492078,163277.0,359135.0,0.0238095238095238,2630691.5,473524.5238095238,35.095238095238095,3.0,879582.9206349206,2023,10,2023_10,148.0,7.0
2023-11,46830253.36585366,55146206.497705646,163277.0,359135.0,0.1219512195121951,1698940.219512195,305809.243902439,45.73170731707317,2.8780487804878048,616178.4365853658,2023,11,2023_11,135.0,15.0
2023-12,48099482.78571428,56275835.707301736,163277.0,359135.0,0.1428571428571428,2939504.464285714,529110.8571428572,41.32142857142857,4.321428571428571,683484.2118197279,2023,12,2023_12,129.0,26.0
2024-01,49862555.38095238,55374080.04775145,163277.0,359135.0,0.1428571428571428,2304576.285714286,414823.7142857143,13.952380952380953,4.095238095238095,712354.4091609977,2024,1,2024_01,123.0,32.0
2024-02,50735640.63157895,56053433.47383055,163277.0,359135.0,0.2631578947368421,2641853.0,475533.5263157895,21.84210526315789,3.263157894736842,830224.3052631579,2024,2,2024_02,97.0,48.0
2024-03,52224358.1,56836105.12015756,163277.0,359135.0,0.3,2235271.9,402348.95,17.05,2.7,825455.725,2024,3,2024_03,119.0,36.0
2024-04,52304966.68571428,56701998.40015888,163277.0,359135.0,0.2571428571428571,2769369.9142857143,498486.5714285714,41.457142857142856,3.2285714285714286,871493.7157142857,2024,4,2024_04,141.0,9.0
2024-05,52695804.23913044,56664433.88711368,163277.0,359135.0,0.0652173913043478,2181944.0,392750.0,62.02173913043478,2.608695652173913,838336.7608695652,2024,5,2024_05,141.0,14.0
2024-06,53282391.725,56787084.59015292,163277.0,359135.0,0.225,2351053.625,423189.65,78.9,2.775,854438.09375,2024,6,2024_06,140.0,10.0
2024-07,53790384.06382979,56352780.642695166,163277.0,359135.0,0.3829787234042553,3408634.085106383,613554.0212765958,96.61702127659576,2.9148936170212765,1197811.6950354609,2024,7,2024_07,151.0,4.0
2024-08,54082266.5,56391204.60570488,163277.0,359135.0,0.25,3527070.8055555555,634872.7777777778,122.33333333333331,2.9166666666666665,1279997.236111111,2024,8,2024_08,151.0,4.0
2024-09,57098330.20512821,57360259.67196597,163277.0,359135.0,0.1025641025641025,3633827.4102564105,654088.9230769231,77.07692307692308,2.8974358974358974,1259398.3367521367,2024,9,2024_09,142.0,8.0
2024-10,58060190.14705882,57586460.329526246,163277.0,359135.0,0.0588235294117647,3402855.411764706,617659.8529411765,84.3529411764706,3.411764705882353,1012972.5168067229,2024,10,2024_10,141.0,14.0
2024-11,61285432.48780488,58764668.39037953,163277.0,359135.0,0.1707317073170731,2356871.512195122,424236.9024390244,34.97560975609756,3.2439024390243905,741117.268292683,2024,11,2024_11,143.0,7.0
2024-12,60164118.68421053,58189701.31588703,163277.0,359135.0,0.4210526315789473,2384402.052631579,429192.4210526316,92.78947368421052,2.8421052631578947,903793.5043859648,2024,12,2024_12,119.0,36.0
2025-01,64323121.05263158,60541939.53694942,163277.0,359135.0,0.3157894736842105,2850196.052631579,513035.4210526316,13.421052631578949,3.0526315789473686,959183.2807017544,2025,1,2025_01,61.0,94.0
2025-02,65552746.4375,58516200.42516219,163277.0,359135.0,0.0625,3473685.75,625263.5625,15.875,3.9375,870920.6973214286,2025,2,2025_02,80.0,60.0
2025-03,66589071.74074074,58603206.326090686,163277.0,359135.0,0.1851851851851851,2515022.0,481095.4074074074,17.074074074074073,2.6666666666666665,984551.7901234569,2025,3,2025_03,78.0,77.0
2025-04,66352372.86111111,59585565.65013902,163277.0,359135.0,0.1111111111111111,3467535.583333333,663246.3055555555,55.5,3.1666666666666665,1097160.7546296297,2025,4,2025_04,130.0,20.0
2025-05,67424955.28205128,59083632.143746585,163277.0,359135.0,0.0512820512820512,3520525.564102564,699497.3076923077,59.92307692307692,3.230769230769231,1148543.1204721206,2025,5,2025_05,136.0,19.0
2025-06,67277347.64102565,59793044.17449681,163277.0,359135.0,0.282051282051282,3676670.282051282,754944.4615384615,95.0,3.102564102564102,1183231.1322344325,2025,6,2025_06,133.0,17.0
2025-07,66917511.04347826,60038881.31752428,163277.0,359135.0,0.4347826086956521,4244531.978260869,798889.304347826,134.45652173913044,3.0217391304347827,1454436.3329710143,2025,7,2025_07,152.0,3.0
2025-08,67958513.1590909,60362553.54558093,163277.0,359135.0,0.2727272727272727,3656726.227272727,722739.9090909091,141.3181818181818,2.636363636363636,1532621.8273809524,2025,8,2025_08,154.0,1.0
2025-09,71597520.80555555,58713325.322392136,163277.0,359135.0,0.1111111111111111,4108277.861111111,922259.5277777778,90.97222222222224,2.6666666666666665,1560413.4953703703,2025,9,2025_09,147.0,3.0
2025-10,73095228.95121951,59991875.653812245,163277.0,359135.0,0.1463414634146341,3682351.2682926822,824604.6341463415,86.85365853658537,3.317073170731707,1138045.7285133563,2025,10,2025_10,136.0,19.0
2025-11,75811253.33333333,59706865.0964542,163277.0,359135.0,0.1111111111111111,2441626.777777778,558648.8148148148,54.407407407407405,2.555555555555556,960019.0061728396,2025,11,2025_11,131.0,19.0
2025-12,76551369.0,62200813.564847626,163277.0,359135.0,0.2352941176470588,4672552.411764706,1074687.1176470588,76.6470588235294,3.941176470588236,1160018.1210084034,2025,12,2025_12,98.0,57.0
2026-01,80019354.55555555,59978207.177942544,163277.0,359135.0,0.3333333333333333,2941479.111111111,676540.2222222222,13.444444444444445,2.7777777777777777,1075231.4074074074,2026,1,2026_01,66.0,89.0
2026-02,79538033.1111111,60140002.06683143,163277.0,359135.0,0.4444444444444444,4696600.0,1080218.0,65.0,4.333333333333333,1097880.0,2026,2,2026_02,52.0,88.0
2026-03,80664075.28571428,64136999.71441811,163277.0,359135.0,0.2857142857142857,5852153.571428572,1345995.142857143,63.142857142857146,4.714285714285714,1243883.5714285714,2026,3,2026_03,36.0,119.0
2026-04,80376342.1111111,65501300.46679024,163277.0,359135.0,0.2222222222222222,6891832.666666667,1585121.5555555555,108.11111111111111,4.888888888888889,1429868.9523809524,2026,4,2026_04,47.0,103.0
2026-05,80326604.1111111,57630054.20018536,163277.0,359135.0,0.0,6288400.0,1446332.0,131.44444444444446,4.444444444444445,1415950.0,2026,5,2026_05,44.0,111.0
2026-06,80108385.5,62123822.06014829,163277.0,359135.0,0.2,7463954.4,1716709.6,168.9,5.4,1387502.057142857,2026,6,2026_06,54.0,96.0
2026-07,79082632.36,69428337.64808156,163277.0,359135.0,0.36,6218532.0,1430262.28,226.08,3.84,1620396.0,2026,7,2026_07,113.0,42.0
2026-08,79246390.0625,66429188.86886006,163277.0,359135.0,0.6875,5985317.5625,1376623.03125,251.78125,3.78125,1596118.2232142857,2026,8,2026_08,133.0,22.0
2026-09,80503176.125,64942068.01262744,163277.0,359135.0,0.25,7165196.625,1647995.375,251.75,4.9375,1491405.178125,2026,9,2026_09,69.0,81.0
2026-10,80509321.33333333,65522731.13345691,163277.0,359135.0,0.0,9996075.0,2299097.0,270.6666666666667,8.333333333333334,1199529.0,2026,10,2026_10,43.0,112.0
2026-11,80632860.0,57630054.20018536,163277.0,359135.0,0.0,8984925.0,2066533.0,303.0,9.0,998325.0,2026,11,2026_11,9.0,141.0
2022-07,32734622.5,57630054.20018536,163277.0,359136.0,0.0,2558334.5,260450.25,9.75,3.5,683334.5,2022,7,2022_07,12.0,112.0
2022-08,32874909.96,54609862.97616312,163277.0,359136.0,0.16,2664980.96,472406.56,26.32,2.92,887019.71,2022,8,2022_08,85.0,39.0
2022-09,33510258.48,56622448.35217795,163277.0,359136.0,0.04,2826102.04,508698.4,31.48,2.76,1099916.5266666666,2022,9,2022_09,79.0,41.0
2022-10,34700373.76190476,56542646.19065272,163277.0,359136.0,0.0,2633510.714285714,395026.5714285714,18.904761904761905,3.238095238095238,816901.7857142857,2022,10,2022_10,81.0,43.0
2022-11,35961248.72727273,55669877.45471396,163277.0,359136.0,0.0909090909090909,3705750.0,555862.5454545454,6.909090909090909,5.0,763609.0909090909,2022,11,2022_11,74.0,46.0
2022-12,35910446.2,53104934.56014829,163277.0,359136.0,0.4,5904450.0,912154.4,29.0,6.2,940455.0,2022,12,2022_12,71.0,53.0
2023-01,37300780.0,53980419.07287893,163277.0,359136.0,0.2727272727272727,3313783.636363636,589117.4545454546,16.545454545454547,4.545454545454546,765068.6103896104,2023,1,2023_01,62.0,62.0
2023-02,38208462.36363637,54136534.52742438,163277.0,359136.0,0.2727272727272727,2596269.8181818184,467328.6363636364,13.0,2.909090909090909,849064.8571428572,2023,2,2023_02,51.0,61.0
2023-03,38943360.75,52999815.46263902,163277.0,359136.0,0.125,3574617.75,640393.6875,23.0625,3.25,1070439.4583333333,2023,3,2023_03,69.0,55.0
2023-04,40250273.333333336,55121899.88587316,163277.0,359136.0,0.0476190476190476,3452000.476190476,621360.1428571428,15.428571428571429,3.333333333333333,1090342.4770975057,2023,4,2023_04,80.0,40.0
2023-05,40421196.833333336,56184740.43350325,163277.0,359136.0,0.0,3650841.1666666665,654464.9166666666,42.708333333333336,3.083333333333333,1180017.1111111112,2023,5,2023_05,82.0,42.0
2023-06,40625701.38095238,55885497.94302485,163277.0,359136.0,0.1428571428571428,4416188.19047619,794913.8095238095,66.0,3.571428571428572,1245430.715079365,2023,6,2023_06,84.0,36.0
2023-07,41410559.04166666,53295973.35847235,163277.0,359136.0,0.2916666666666667,3990113.7916666665,718220.4583333334,75.375,2.9166666666666665,1381178.7951388888,2023,7,2023_07,83.0,41.0
2023-08,41536911.94117648,53442616.62367115,163277.0,359136.0,0.2352941176470588,3533883.1764705884,636098.9705882353,104.5,2.676470588235294,1329644.4411764706,2023,8,2023_08,109.0,15.0
2023-09,43410601.333333336,54816288.80015446,163277.0,359136.0,0.0,3964965.7,713693.8333333334,83.36666666666666,3.033333333333333,1323527.28,2023,9,2023_09,112.0,8.0
2023-10,44732756.657142855,56223995.44016947,163277.0,359136.0,0.1142857142857142,3126885.9142857143,562839.4571428571,76.82857142857142,3.1714285714285717,1033614.2653968254,2023,10,2023_10,119.0,5.0
2023-11,45277282.44,55378864.368155695,163277.0,359136.0,0.12,2621917.92,471945.36,91.88,3.68,739081.6351428571,2023,11,2023_11,107.0,13.0
2023-12,47736192.81818182,56279760.94561463,163277.0,359136.0,0.2272727272727272,2908305.590909091,523495.0,53.40909090909091,3.636363636363636,852377.1082251082,2023,12,2023_12,92.0,32.0
2024-01,49236934.84210526,56671405.44227111,163277.0,359136.0,0.1578947368421052,3552513.5789473685,639452.3684210526,32.26315789473684,4.421052631578948,847427.2162280702,2024,1,2024_01,101.0,23.0
2024-02,50231638.52,57630054.20018536,163277.0,359136.0,0.12,2312868.0,416316.32,37.16,3.04,808368.5903809523,2024,2,2024_02,97.0,19.0
2024-03,50739568.333333336,56436862.17052827,163277.0,359136.0,0.2592592592592592,2700914.333333333,486164.5925925926,54.44444444444444,3.037037037037037,935481.0833333334,2024,3,2024_03,109.0,15.0
2024-04,51779044.21428572,56511687.843009405,163277.0,359136.0,0.1785714285714285,2838438.6071428573,510918.8928571429,56.0,3.25,917038.5392857144,2024,4,2024_04,111.0,9.0
2024-05,51937601.44444445,57032967.68350324,163277.0,359136.0,0.0,2396837.222222222,431430.6944444445,82.38888888888889,2.583333333333333,931164.3055555556,2024,5,2024_05,113.0,11.0
2024-06,52911027.88888889,56804397.28905365,163277.0,359136.0,0.1481481481481481,2477746.6666666665,445994.4074074074,88.11111111111111,2.7777777777777777,896823.3333333334,2024,6,2024_06,106.0,14.0
2024-07,52438560.43333333,55807649.013469264,163277.0,359136.0,0.5,4296993.0,773458.7666666667,128.73333333333332,3.066666666666667,1389263.0,2024,7,2024_07,119.0,5.0
2024-08,54084531.615384616,56599190.77450632,163277.0,359136.0,0.3333333333333333,3603701.5384615385,648666.2564102564,122.46153846153848,2.769230769230769,1330572.6923076925,2024,8,2024_08,123.0,1.0
2024-09,54941681.25925926,57630054.20018536,163277.0,359136.0,0.074074074074074,4709370.0,847686.5925925926,131.55555555555554,3.4444444444444446,1362743.3333333333,2024,9,2024_09,116.0,4.0
2024-10,56947212.78787879,57704048.6729014,163277.0,359136.0,0.0909090909090909,4055626.363636364,730012.7575757576,111.24242424242424,3.393939393939394,1208833.6363636365,2024,10,2024_10,117.0,7.0
2024-11,60005201.961538464,57711786.13862551,163277.0,359136.0,0.0,2827097.3076923075,508877.5,68.23076923076923,3.1153846153846154,904593.4615384616,2024,11,2024_11,116.0,4.0
2024-12,61145761.55,57630054.20018536,163277.0,359136.0,0.15,4656249.0,838124.85,68.25,4.3,1099466.181818182,2024,12,2024_12,108.0,16.0
2025-01,62020264.0,58346112.7876506,163277.0,359136.0,0.4375,4530996.3125,815579.3125,78.1875,4.9375,939860.5520833334,2025,1,2025_01,110.0,14.0
2025-02,63742845.2,58518416.24016064,163277.0,359136.0,0.2,4063057.8,731350.3333333334,63.4,3.933333333333333,1031354.5222222224,2025,2,2025_02,95.0,17.0
2025-03,65111772.625,58404138.97516992,163277.0,359136.0,0.3333333333333333,4247146.125,770136.0,55.75,3.875,1161857.2916666667,2025,3,2025_03,111.0,13.0
2025-04,64578192.307692304,58006042.53094033,163277.0,359136.0,0.2307692307692307,3548221.230769231,665515.2692307692,104.03846153846152,3.1153846153846154,1161302.5621794872,2025,4,2025_04,115.0,5.0
2025-05,67091118.75757576,57630054.20018536,163277.0,359136.0,0.1212121212121212,4516084.848484849,874109.1515151515,66.3030303030303,3.303030303030303,1383376.585040885,2025,5,2025_05,120.0,4.0
2025-06,67853427.74074075,58309213.74091237,163277.0,359136.0,0.2592592592592592,4762752.037037037,953629.1851851852,84.14814814814815,3.333333333333333,1451479.5812757204,2025,6,2025_06,111.0,9.0
2025-07,66572890.5,59854909.21346927,163277.0,359136.0,0.8,5184528.0,960274.4333333332,142.86666666666667,2.7,1867599.0,2025,7,2025_07,117.0,7.0
2025-08,68447068.58333333,58583084.76127587,163277.0,359136.0,0.3055555555555556,4669667.75,957705.9166666666,129.91666666666666,2.6944444444444446,1753596.125,2025,8,2025_08,123.0,1.0
2025-09,70038221.1,59078602.180166826,163277.0,359136.0,0.0666666666666666,5171934.0,1129190.2,123.8,3.0,1722195.1888888888,2025,9,2025_09,115.0,5.0
2025-10,71504102.8275862,58626835.15189672,163277.0,359136.0,0.2068965517241379,3778534.3103448274,836985.7931034482,121.89655172413794,2.7241379310344827,1416115.3920361248,2025,10,2025_10,116.0,8.0
2025-11,76335867.03703703,59872448.58534995,163277.0,359136.0,0.037037037037037,4107899.296296296,930090.5555555556,45.55555555555556,3.4444444444444446,1218846.7185185184,2025,11,2025_11,103.0,17.0
2025-12,77731718.1111111,59986424.2334981,163277.0,359136.0,0.2222222222222222,3856989.444444445,887107.6666666666,43.5,3.0,1333120.5,2025,12,2025_12,83.0,41.0
2026-01,79556996.3076923,60977977.70784915,163277.0,359136.0,0.2307692307692307,6476096.307692308,1489502.1538461538,30.153846153846157,4.615384615384615,1444652.878205128,2026,1,2026_01,90.0,34.0
2026-02,78801601.5,65521098.56261585,163277.0,359136.0,0.1875,3453933.6875,794404.875,80.25,3.0,1170022.1979166667,2026,2,2026_02,61.0,51.0
2026-03,79893033.76923077,66217798.04626791,163277.0,359136.0,0.4615384615384615,5034960.0,1158040.923076923,77.53846153846153,3.3076923076923075,1462532.8846153845,2026,3,2026_03,36.0,88.0
2026-04,79907775.125,63333814.71263902,163277.0,359136.0,0.25,6911493.75,1589643.5625,113.9375,4.0,1725806.25,2026,4,2026_04,72.0,48.0
2026-05,79878562.72222222,60134714.34460921,163277.0,359136.0,0.0,6787200.0,1561056.0,143.94444444444446,4.0,1706250.0,2026,5,2026_05,73.0,51.0
2026-06,79869458.9,60832071.62015756,163277.0,359136.0,0.25,7358310.0,1692411.3,174.4,4.25,1736370.0,2026,6,2026_06,84.0,36.0
2026-07,79243544.03333333,66909172.68010504,163277.0,359136.0,0.6,6671988.0,1534557.2333333334,220.53333333333333,3.566666666666667,1882773.0,2026,7,2026_07,106.0,18.0
2026-08,79387623.85185185,63118616.2964336,163277.0,359136.0,0.4814814814814814,6649050.0,1529281.4814814816,248.8148148148148,3.4814814814814814,1901540.0,2026,8,2026_08,98.0,26.0
2026-09,79552353.68421052,62133768.15804108,163277.0,359136.0,0.0526315789473684,8276213.421052632,1903529.0526315789,272.2631578947368,4.526315789473684,1867232.164035088,2026,9,2026_09,90.0,30.0
2026-10,79412093.0,63967154.64012976,163277.0,359136.0,0.0,5110973.6,1175524.1,304.7,3.5,1452760.34,2026,10,2026_10,39.0,85.0
2026-11,80170489.66666667,65131416.46679024,163277.0,359136.0,0.0,3207600.0,737747.6666666666,317.0,2.6666666666666665,1202850.0,2026,11,2026_11,8.0,112.0
2026-12,80126090.0,57630054.20018536,163277.0,359136.0,0.0,4811400.0,1106622.0,337.0,4.0,1202850.0,2026,12,2026_12,4.0,120.0
2022-07,32529866.0,57630054.20018536,163277.0,359142.0,0.0,1831250.0,288525.0,18.666666666666668,2.6666666666666665,698125.0,2022,7,2022_07,11.0,299.0
2022-08,33002557.13592233,50420690.10304399,163277.0,359142.0,0.0388349514563106,1771609.4660194174,311068.7378640777,20.388349514563107,2.533980582524272,694179.4902912622,2022,8,2022_08,287.0,23.0
2022-09,34083582.691176474,56239766.85017446,163277.0,359142.0,0.1176470588235294,1867755.6617647056,331647.1176470588,10.676470588235292,3.014705882352941,636928.3014705882,2022,9,2022_09,267.0,33.0
2022-10,34818619.0952381,55126781.003339365,163277.0,359142.0,0.1269841269841269,1888670.5555555555,279314.873015873,14.34920634920635,3.2063492063492065,636918.8681027967,2022,10,2022_10,267.0,43.0
2022-11,35750417.85,52165966.36680569,163277.0,359142.0,0.0833333333333333,1252512.0833333333,187876.8,11.05,3.183333333333333,417427.2361111111,2022,11,2022_11,243.0,57.0
2022-12,36206939.89189189,51796040.38932445,163277.0,359142.0,0.1351351351351351,2011801.891891892,342198.6216216216,23.83783783783784,4.027027027027027,521637.2972972973,2022,12,2022_12,223.0,87.0
2023-01,37115102.722222224,52931177.65569972,163277.0,359142.0,0.0555555555555555,2121475.0,374890.5,14.72222222222222,3.9444444444444446,594864.3939393939,2023,1,2023_01,99.0,211.0
2023-02,37355384.96,49541497.20011122,163277.0,359142.0,0.04,1936174.68,337585.4,45.36,3.04,862178.2266666667,2023,2,2023_02,117.0,163.0
2023-03,39575970.04166666,54564276.5834878,163277.0,359142.0,0.0416666666666666,2127600.5416666665,382968.125,4.208333333333333,3.25,650124.6527777778,2023,3,2023_03,130.0,180.0
2023-04,39612678.55555555,52425912.17235609,163277.0,359142.0,0.0833333333333333,2575725.722222222,456880.6111111111,37.55555555555556,3.388888888888889,778345.9449074074,2023,4,2023_04,219.0,81.0
2023-05,41221477.50819672,53819413.13784774,163277.0,359142.0,0.0,2820543.8032786883,507697.91803278687,20.59016393442623,3.377049180327869,844082.8959211553,2023,5,2023_05,258.0,52.0
2023-06,41788982.17857143,54686804.23586655,163277.0,359142.0,0.125,2927320.464285714,523831.9821428572,38.33928571428572,3.571428571428572,861481.0116071429,2023,6,2023_06,248.0,52.0
2023-07,41409331.84210526,51555673.41590654,163277.0,359142.0,0.4078947368421052,3013659.052631579,542458.6315789474,78.25,3.1578947368421053,975496.7284356724,2023,7,2023_07,287.0,23.0
2023-08,42263609.49,54326777.32014829,163277.0,359142.0,0.29,2894355.36,520983.99,85.34,2.7,1081407.3306666666,2023,8,2023_08,303.0,7.0
2023-09,44138617.03896104,55409924.84691212,163277.0,359142.0,0.0389610389610389,3373250.363636364,607185.064935065,64.7012987012987,3.3506493506493507,1027468.8064316636,2023,9,2023_09,292.0,8.0
2023-10,45777995.5890411,54223650.74807978,163277.0,359142.0,0.2328767123287671,2648456.657534247,474996.2191780822,48.95890410958904,3.136986301369863,867433.4642313547,2023,10,2023_10,292.0,18.0
2023-11,47044836.5,55250251.1162815,163277.0,359142.0,0.064516129032258,2105576.629032258,379003.7903225807,39.96774193548387,3.403225806451613,660321.6670698925,2023,11,2023_11,263.0,37.0
2023-12,47632209.95,55080375.05514365,163277.0,359142.0,0.15,2781095.875,500597.3,54.625,3.9,745320.1786904761,2023,12,2023_12,236.0,74.0
2024-01,49637011.7,55746239.05347545,163277.0,359142.0,0.2,3688396.866666666,663911.4666666667,20.166666666666668,4.8,809038.0987301586,2024,1,2024_01,207.0,103.0
2024-02,50729634.94594595,54791447.227137245,163277.0,359142.0,0.2972972972972973,3199400.756756757,575892.1351351351,21.10810810810811,3.5945945945945947,1133066.8664736163,2024,2,2024_02,204.0,86.0
2024-03,51880333.23076923,56175651.71295835,163277.0,359142.0,0.2564102564102564,3432367.641025641,617826.1282051282,22.487179487179485,3.8205128205128207,910051.344932845,2024,3,2024_03,247.0,63.0
2024-04,52531608.20689655,56024586.90013103,163277.0,359142.0,0.1724137931034483,3404385.896551724,612789.5,37.62068965517241,3.948275862068965,893865.5368163446,2024,4,2024_04,275.0,25.0
2024-05,53141706.1,57296246.92588376,163277.0,359142.0,0.2714285714285714,3099522.9857142856,557914.1285714286,50.24285714285714,3.414285714285714,939212.934047619,2024,5,2024_05,275.0,35.0
2024-06,52896524.18571428,56242007.48300014,163277.0,359142.0,0.2142857142857142,2924431.5,526397.6714285715,88.57142857142857,3.414285714285714,879965.6527056277,2024,6,2024_06,291.0,9.0
2024-07,53482621.38235294,56049217.33542769,163277.0,359142.0,0.3529411764705882,4401885.705882353,792339.4411764706,104.8529411764706,3.514705882352941,1291666.8529411764,2024,7,2024_07,310.0,0.0
2024-08,53412636.118421055,55611864.56591142,163277.0,359142.0,0.4473684210526316,4019272.578947369,723469.0394736842,138.6315789473684,3.276315789473684,1278525.4342105263,2024,8,2024_08,312.0,-2.0
2024-09,57361643.43589743,57431351.29247166,163277.0,359142.0,0.0769230769230769,3907402.0897435895,703332.3974358974,71.76923076923077,2.9615384615384617,1331373.841025641,2024,9,2024_09,280.0,20.0
2024-10,57887231.571428575,57207400.708077736,163277.0,359142.0,0.238095238095238,4144958.6825396814,746092.5714285715,89.33333333333333,3.920634920634921,1085728.8412698412,2024,10,2024_10,321.0,-11.0
2024-11,61627373.38095238,58232667.676346414,163277.0,359142.0,0.0793650793650793,2528416.1428571427,455114.9206349207,28.015873015873016,3.2222222222222223,804287.8887755102,2024,11,2024_11,280.0,20.0
2024-12,62008809.35849056,58605120.46428385,163277.0,359142.0,0.2075471698113207,3323206.867924528,598177.2452830189,48.81132075471698,3.452830188679245,1005706.0461590296,2024,12,2024_12,238.0,72.0
2025-01,64756158.0,59030374.49348162,163277.0,359142.0,0.2666666666666666,2583642.933333333,465055.7333333333,4.933333333333334,4.733333333333333,841614.7293650793,2025,1,2025_01,113.0,197.0
2025-02,65843843.5,59659965.6858533,163277.0,359142.0,0.25,3218256.214285714,579286.2142857143,10.714285714285714,3.4642857142857144,943391.7091836736,2025,2,2025_02,171.0,109.0
2025-03,66348755.1875,58603402.36266219,163277.0,359142.0,0.375,4618764.3125,840793.8125,22.25,4.875,980946.9821428572,2025,3,2025_03,135.0,175.0
2025-04,66923261.777777776,59425000.65094076,163277.0,359142.0,0.2539682539682539,3580219.206349206,705970.5873015873,41.98412698412698,2.984126984126984,1213206.6706349207,2025,4,2025_04,256.0,44.0
2025-05,67676021.72131148,59854911.367355935,163277.0,359142.0,0.2131147540983606,3185421.4918032787,656622.4262295082,52.540983606557376,2.672131147540984,1222580.3975409835,2025,5,2025_05,260.0,50.0
2025-06,68081004.60294117,59517096.32073543,163277.0,359142.0,0.1911764705882352,4126818.176470589,857696.0588235294,73.97058823529412,3.3529411764705883,1257684.7364495797,2025,6,2025_06,263.0,37.0
2025-07,66593944.52857143,60327637.20583874,163277.0,359142.0,0.5285714285714286,5469267.857142857,1037131.2285714286,141.07142857142858,3.642857142857143,1539436.8823809524,2025,7,2025_07,305.0,5.0
2025-08,67895681.1097561,59581524.72697167,163277.0,359142.0,0.3536585365853658,4651332.951219512,909912.1219512196,143.02439024390245,3.073170731707317,1538560.6544715448,2025,8,2025_08,302.0,8.0
2025-09,70767317.55882353,59071422.22075179,163277.0,359142.0,0.0588235294117647,5294127.970588235,1202810.2205882352,106.3529411764706,3.514705882352941,1496726.768382353,2025,9,2025_09,283.0,17.0
2025-10,73444290.25,60661413.66191463,163277.0,359142.0,0.1470588235294117,3847050.2647058815,878961.1764705882,80.32352941176471,3.323529411764706,1245102.7794117648,2025,10,2025_10,294.0,16.0
2025-11,76414231.07407407,59896881.65942402,163277.0,359142.0,0.2962962962962963,3481936.4814814813,793577.8888888889,45.11111111111112,3.2962962962962963,1306463.1933862434,2025,11,2025_11,226.0,74.0
2025-12,77898736.79166667,60153725.55016219,163277.0,359142.0,0.25,6298533.125,1412895.75,47.0,4.708333333333333,1344097.116468254,2025,12,2025_12,141.0,169.0
2026-01,79426851.0,63181381.31680568,163277.0,359142.0,0.25,5062037.916666667,1164268.75,28.33333333333333,4.666666666666667,1015184.1375,2026,1,2026_01,117.0,193.0
2026-02,79251081.875,65582284.75011585,163277.0,359142.0,0.25,4221618.75,970972.375,70.125,3.875,1082193.75,2026,2,2026_02,43.0,237.0
2026-03,81068833.0,57630054.20018536,163277.0,359142.0,0.0,3316950.0,762898.0,44.0,3.0,1105650.0,2026,3,2026_03,6.0,304.0
2026-04,80264121.33333333,62562535.60014418,163277.0,359142.0,0.3333333333333333,5548140.0,1276072.2222222222,106.11111111111111,3.7777777777777777,1456920.0,2026,4,2026_04,58.0,242.0
2026-05,80312457.91666667,70775459.66674389,163277.0,359142.0,0.6666666666666666,7896825.0,1816269.8333333333,123.66666666666669,5.0,1561275.0,2026,5,2026_05,68.0,242.0
2026-06,80361521.375,60604370.30016219,163277.0,359142.0,0.0,6663799.25,1532673.875,164.75,4.5,1487656.1428571427,2026,6,2026_06,37.0,263.0
2026-07,79260890.56060606,68757283.38493836,163277.0,359142.0,0.6515151515151515,5309388.409090909,1221159.393939394,222.96969696969697,3.303030303030303,1615358.8636363635,2026,7,2026_07,227.0,83.0
2026-08,79484544.31481482,65708253.51493152,163277.0,359142.0,0.6111111111111112,6013550.0,1383116.5555555555,243.6296296296296,3.703703703703704,1627925.0,2026,8,2026_08,255.0,55.0
2026-09,80235480.5,63325539.23347235,163277.0,359142.0,0.3333333333333333,6396468.75,1471187.75,255.16666666666663,4.0,1602483.75,2026,9,2026_09,89.0,211.0
2026-10,80455412.25,57630054.20018536,163277.0,359142.0,0.5,4557770.0,1048287.25,277.25,3.5,1311668.75,2026,10,2026_10,32.0,278.0
2026-12,80502593.5,69066323.60009268,163277.0,359142.0,1.5,9672742.0,2224731.0,353.0,7.0,1381820.2857142857,2026,12,2026_12,10.0,300.0
2022-09,34191176.0,57630054.20018536,169082.0,370147.0,0.0,208636.0,36094.0,0.3333333333333333,1.0,208636.0,2022,9,2022_09,3.0,27.0
2022-10,35030202.0,57630054.20018536,169082.0,370147.0,0.0,231818.0,40105.0,0.0,1.0,231818.0,2022,10,2022_10,1.0,30.0
2022-12,36719028.0,57630054.20018536,169082.0,370147.0,0.0,231818.0,40105.0,4.5,1.0,231818.0,2022,12,2022_12,2.0,29.0
2023-01,37806333.5,52683795.65013902,169082.0,370147.0,0.0,170454.25,29488.25,0.5,1.0,170454.25,2023,1,2023_01,4.0,27.0
2023-02,38775800.5,38775798.0,169082.0,370147.0,0.0,163636.0,24545.0,0.0,1.0,163636.0,2023,2,2023_02,2.0,26.0
2023-03,39739283.4,46882134.68007414,169082.0,370147.0,0.0,179999.8,29508.8,0.8,1.0,179999.8,2023,3,2023_03,5.0,26.0
2023-04,40653598.6,54153354.36014829,169082.0,370147.0,0.0,169090.6,29252.4,0.2,1.0,169090.6,2023,4,2023_04,5.0,25.0
2023-05,41912521.66666666,57630054.20018536,169082.0,370147.0,0.0,181818.0,31454.33333333333,0.6666666666666666,1.0,181818.0,2023,5,2023_05,6.0,25.0
2023-06,42971866.0,57630054.20018536,169082.0,370147.0,0.0,164318.25,29316.25,3.5,1.0,164318.25,2023,6,2023_06,4.0,26.0
2023-07,43960769.0,53069101.13345691,169082.0,370147.0,0.0,261818.3333333333,46988.333333333336,0.0,1.0,261818.3333333333,2023,7,2023_07,3.0,28.0
2023-09,46087926.0,57630054.20018536,169082.0,370147.0,0.0,245455.0,42463.0,0.0,1.0,245455.0,2023,9,2023_09,2.0,28.0
2023-10,47536943.333333336,57630054.20018536,169082.0,370147.0,0.0,237273.0,41047.66666666666,0.3333333333333333,1.0,237273.0,2023,10,2023_10,4.0,27.0
2024-02,51493250.0,57630054.20018536,169082.0,370147.0,0.0,245455.0,39395.0,0.0,1.0,245455.0,2024,2,2024_02,2.0,27.0
2024-03,52604254.0,56805001.00015447,169082.0,370147.0,0.0,192727.5,30179.83333333333,0.0,1.0,192727.5,2024,3,2024_03,7.0,24.0
2024-04,53835616.5,57630054.20018536,169082.0,370147.0,0.0,218182.0,35018.0,1.0,1.0,218182.0,2024,4,2024_04,2.0,28.0
2024-05,54915854.0,57630054.20018536,169082.0,370147.0,0.0,245455.0,39395.0,0.0,1.0,245455.0,2024,5,2024_05,4.0,27.0
2024-06,56300612.333333336,57630054.20018536,169082.0,370147.0,0.0,211818.3333333333,33996.666666666664,0.0,1.0,211818.3333333333,2024,6,2024_06,5.0,25.0
2024-07,57769284.0,57630054.200185366,169082.0,370147.0,0.0,242975.36363636365,41265.81818181818,2.636363636363636,1.0909090909090908,225124.13636363635,2024,7,2024_07,17.0,14.0
2024-08,59148183.0,57630054.20018536,169082.0,370147.0,0.0,239034.6,38365.0,0.2,1.0,239034.6,2024,8,2024_08,10.0,21.0
2024-09,60288067.0,57630054.20018536,169082.0,370147.0,0.0,245909.3333333333,39468.16666666666,0.6666666666666666,1.0,245909.3333333333,2024,9,2024_09,15.0,15.0
2024-10,61430694.8,58434620.96014829,169082.0,370147.0,0.0,245455.0,38266.0,0.4,1.0,245455.0,2024,10,2024_10,12.0,19.0
2024-11,62443916.8,57630054.20018536,169082.0,370147.0,0.0,300545.8,48237.2,0.0,1.2,246000.3,2024,11,2024_11,8.0,22.0
2024-12,63541436.0,57630054.20018536,169082.0,370147.0,0.0,490909.0,78791.0,1.0,2.0,245454.5,2024,12,2024_12,6.0,25.0
2025-01,65028966.5,57630054.20018536,169082.0,370147.0,0.0,220909.0,35456.0,1.0,1.0,220909.0,2025,1,2025_01,4.0,27.0
2025-02,66182657.5,61724020.10009268,169082.0,370147.0,0.0,199971.0,29555.0,0.0,1.0,199971.0,2025,2,2025_02,4.0,24.0
2025-03,67255909.4,57630054.20018536,169082.0,370147.0,0.0,201323.2,33640.4,0.0,1.0,201323.2,2025,3,2025_03,5.0,26.0
2025-04,68929107.14285715,59248483.60015888,169082.0,370147.0,0.1428571428571428,257864.0,40562.857142857145,0.5714285714285714,1.0,257864.0,2025,4,2025_04,8.0,22.0
2025-05,69470340.5,57630054.20018536,169082.0,370147.0,0.0,250909.0,40271.0,0.0,1.0,250909.0,2025,5,2025_05,17.0,14.0
2025-06,71395787.7,57630054.20018536,169082.0,370147.0,0.0,328690.8,52755.0,2.2,1.3,253418.1,2025,6,2025_06,14.0,16.0
2025-07,72805944.55,59187857.230166815,169082.0,370147.0,0.0,298649.55,48818.85,3.65,1.05,285130.225,2025,7,2025_07,21.0,10.0
2025-08,74087507.94444445,58539039.46684173,169082.0,370147.0,0.0555555555555555,285002.2777777777,45721.05555555556,2.2777777777777777,1.0,285002.2777777777,2025,8,2025_08,18.0,13.0
2025-09,75704054.5,57630054.20018536,169082.0,370147.0,0.0,248972.3333333333,39959.833333333336,0.1666666666666666,1.0,248972.3333333333,2025,9,2025_09,19.0,11.0
2025-10,76648707.0,57630054.20018536,169082.0,370147.0,0.0,387774.0,62694.083333333336,6.0,1.25,296046.0,2025,10,2025_10,15.0,16.0
2025-11,77708402.85714285,60588608.02873031,169082.0,370147.0,0.0,283124.5714285714,44587.71428571428,11.428571428571429,1.0,283124.5714285714,2025,11,2025_11,7.0,23.0
2025-12,79820981.2,57630054.20018536,169082.0,370147.0,0.0,283426.4,45490.2,0.2,1.0,283426.4,2025,12,2025_12,5.0,26.0
2022-09,33956335.0,57630054.20018536,169082.0,370148.0,0.0,231818.0,40105.0,5.0,1.0,231818.0,2022,9,2022_09,1.0,59.0
2022-10,34932774.0,57630054.20018536,169082.0,370148.0,0.0,589091.0,101913.0,0.0,3.0,196363.66666666663,2022,10,2022_10,3.0,59.0
2023-04,41114013.0,57630054.20018536,169082.0,370148.0,0.0,294545.0,50957.0,0.0,1.0,294545.0,2023,4,2023_04,1.0,59.0
2023-05,41365972.0,57630054.20018536,169082.0,370148.0,0.0,294545.0,50957.0,7.0,1.0,294545.0,2023,5,2023_05,2.0,60.0
2023-07,44110107.5,57630054.20018536,169082.0,370148.0,0.0,318109.0,55032.5,0.0,1.0,318109.0,2023,7,2023_07,2.0,60.0
2023-08,45474993.0,57630054.20018536,169082.0,370148.0,0.0,287182.0,49682.0,3.0,1.0,287182.0,2023,8,2023_08,1.0,61.0
2023-09,46256145.0,57630054.20018536,169082.0,370148.0,0.0,387818.0,67093.0,0.0,1.0,387818.0,2023,9,2023_09,1.0,59.0
2023-11,48833457.0,57630054.20018536,169082.0,370148.0,0.0,387818.0,62245.0,0.0,1.0,387818.0,2023,11,2023_11,1.0,59.0
2023-12,49576640.0,57630054.20018536,169082.0,370148.0,0.0,344727.0,61649.0,0.0,1.0,344727.0,2023,12,2023_12,1.0,61.0
2024-01,49991250.0,53810651.60009268,169082.0,370148.0,0.0,348545.0,62331.5,0.0,1.0,348545.0,2024,1,2024_01,4.0,58.0
2024-02,51449420.0,57630054.20018536,169082.0,370148.0,0.0,348545.0,55942.0,0.0,1.0,348545.0,2024,2,2024_02,2.0,56.0
2024-03,52640077.2,57630054.20018536,169082.0,370148.0,0.0,338727.0,55495.2,0.0,1.0,338727.0,2024,3,2024_03,5.0,57.0
2024-04,53594543.0,57630054.20018536,169082.0,370148.0,0.0,348545.0,55942.0,0.0,1.0,348545.0,2024,4,2024_04,1.0,59.0
2024-05,54919701.0,57630054.20018536,169082.0,370148.0,0.0,387818.0,62245.0,1.0,1.0,387818.0,2024,5,2024_05,1.0,61.0
2024-07,58022467.66666666,57934700.26675934,169082.0,370148.0,0.0,368181.5,54934.5,0.0,1.0,368181.5,2024,7,2024_07,7.0,55.0
2024-08,58965094.2,57630054.20018536,169082.0,370148.0,0.0,448908.8,72050.2,2.0,1.2,372545.2,2024,8,2024_08,6.0,56.0
2024-09,60250977.5,57630054.20018536,169082.0,370148.0,0.0,467727.25,75070.25,0.5,1.25,377045.375,2024,9,2024_09,10.0,50.0
2024-10,61495493.28571428,57630054.20018536,169082.0,370148.0,0.0,299221.0,48024.71428571428,0.2857142857142857,1.0,299221.0,2024,10,2024_10,7.0,55.0
2024-11,62353719.0,57630054.20018536,169082.0,370148.0,0.0,305455.0,49025.0,0.0,1.0,305455.0,2024,11,2024_11,1.0,59.0
2024-12,63847577.0,57630054.20018536,169082.0,370148.0,0.0,305455.0,49025.0,0.0,1.0,305455.0,2024,12,2024_12,5.0,57.0
2025-02,65526334.0,57630054.20018536,169082.0,370148.0,0.0,343636.0,55154.0,1.0,1.0,343636.0,2025,2,2025_02,2.0,54.0
2025-03,67884750.75,57630054.20018536,169082.0,370148.0,0.0,281052.75,45109.0,0.0,1.0,281052.75,2025,3,2025_03,4.0,58.0
2025-04,68890403.57142857,59294838.17158745,169082.0,370148.0,0.1428571428571428,308455.28571428574,51980.28571428572,0.5714285714285714,1.0,308455.28571428574,2025,4,2025_04,11.0,49.0
2025-05,70083029.25,57630054.20018536,169082.0,370148.0,0.0,286363.5,45961.5,1.25,1.0,286363.5,2025,5,2025_05,9.0,53.0
2025-06,71718810.66666667,57630054.20018536,169082.0,370148.0,0.0,281818.0,45232.0,0.0,1.0,281818.0,2025,6,2025_06,6.0,54.0
2025-07,73196328.18181819,59069875.00016851,169082.0,370148.0,0.0909090909090909,339058.9090909091,55568.454545454544,0.2727272727272727,1.0,339058.9090909091,2025,7,2025_07,11.0,51.0
2025-08,73932184.69565217,60494939.20884877,169082.0,370148.0,0.0434782608695652,370825.4347826087,58726.782608695656,7.695652173913044,1.173913043478261,305052.82608695654,2025,8,2025_08,27.0,35.0
2025-09,75466494.28571428,57630054.20018536,169082.0,370148.0,0.0,364134.0,58443.57142857143,1.2857142857142858,1.4285714285714286,239508.5357142857,2025,9,2025_09,40.0,20.0
2025-10,76727567.45833333,59245340.10016992,169082.0,370148.0,0.0,318825.875,50679.083333333336,3.9583333333333335,1.0416666666666667,302625.875,2025,10,2025_10,26.0,36.0
2025-11,78349555.0,59213934.8001711,169082.0,370148.0,0.0,313232.6153846154,49564.07692307692,1.0769230769230769,1.0769230769230769,287811.07692307694,2025,11,2025_11,14.0,46.0
2025-12,79707953.25,63235450.40013902,169082.0,370148.0,0.0,344452.5,53496.25,4.25,1.0,344452.5,2025,12,2025_12,4.0,58.0
2022-09,34125143.0,57630054.20018536,169082.0,370149.0,0.0,157636.0,27271.0,1.0,1.0,157636.0,2022,9,2022_09,1.0,29.0
2022-10,35551473.0,57630054.20018536,169082.0,370149.0,0.0,166909.0,28875.0,1.0,1.0,166909.0,2022,10,2022_10,1.0,30.0
2022-11,36150185.25,57630054.20018536,169082.0,370149.0,0.0,187772.5,32484.5,0.25,1.0,187772.5,2022,11,2022_11,4.0,26.0
2022-12,36602386.333333336,57630054.20018536,169082.0,370149.0,0.0,180818.0,31281.33333333333,0.3333333333333333,1.0,180818.0,2022,12,2022_12,4.0,27.0
2023-01,36839810.0,57630054.20018536,169082.0,370149.0,0.0,211090.66666666663,35239.333333333336,24.666666666666668,1.3333333333333333,161999.83333333334,2023,1,2023_01,4.0,27.0
2023-02,38682877.0,57630054.20018536,169082.0,370149.0,0.0,157091.0,29560.4,0.2,1.0,157091.0,2023,2,2023_02,5.0,23.0
2023-03,39534384.0,57630054.20018536,169082.0,370149.0,0.0,162000.0,29657.0,4.2,1.0,162000.0,2023,3,2023_03,5.0,26.0
2023-04,40781794.25,57630054.20018536,169082.0,370149.0,0.0,230113.625,39809.75,0.375,1.375,165681.79166666666,2023,4,2023_04,10.0,20.0
2023-05,41839466.75,57630054.20018536,169082.0,370149.0,0.0,159545.5,27601.5,0.125,1.0,159545.5,2023,5,2023_05,9.0,22.0
2023-06,43091550.09090909,56295552.18198669,169082.0,370149.0,0.0,157090.63636363635,26853.545454545456,0.1818181818181818,1.0,157090.63636363635,2023,6,2023_06,11.0,19.0
2023-07,44071522.0,52253186.52011122,169082.0,370149.0,0.0,256254.6,42096.4,0.0,1.0,256254.6,2023,7,2023_07,5.0,26.0
2023-08,45460477.36363637,57630054.200185366,169082.0,370149.0,0.0,204842.7272727273,36597.90909090909,0.4545454545454545,1.0909090909090908,186768.36363636365,2023,8,2023_08,12.0,19.0
2023-09,46331488.0,57630054.20018536,169082.0,370149.0,0.0,245455.0,42463.0,0.0,1.0,245455.0,2023,9,2023_09,1.0,29.0
2023-10,47566673.0,57630054.20018536,169082.0,370149.0,0.0,235227.5,42463.0,0.5,1.0,235227.5,2023,10,2023_10,2.0,29.0
2023-12,48953359.0,57630054.20018536,169082.0,370149.0,0.0,245455.0,39395.0,0.0,1.0,245455.0,2023,12,2023_12,1.0,30.0
2024-01,50220074.0,57630054.20018536,169082.0,370149.0,0.0,245455.0,43895.0,0.0,1.0,245455.0,2024,1,2024_01,1.0,30.0
2024-02,51788595.5,57630054.20018536,169082.0,370149.0,0.0,196364.0,31516.0,1.0,1.0,196364.0,2024,2,2024_02,2.0,27.0
2024-03,52607428.45454545,57630054.200185366,169082.0,370149.0,0.0,177340.9090909091,28874.0,0.2727272727272727,1.0909090909090908,163704.77272727274,2024,3,2024_03,16.0,15.0
2024-05,54982763.5,57630054.20018536,169082.0,370149.0,0.0,203567.5,33258.0,0.3333333333333333,1.0,203567.5,2024,5,2024_05,11.0,20.0
2024-06,56460238.0,57630054.20018535,169082.0,370149.0,0.0,187758.7692307692,30135.46153846154,0.6153846153846154,1.0,187758.7692307692,2024,6,2024_06,14.0,16.0
2024-07,57639801.266666666,57630054.200185366,169082.0,370149.0,0.0,203475.13333333333,32657.93333333333,5.533333333333333,1.0666666666666669,190618.2333333333,2024,7,2024_07,20.0,11.0
2024-08,58964083.14285714,57767809.6858864,169082.0,370149.0,0.0,222029.35714285716,35295.07142857143,2.5,1.0714285714285714,206444.92857142855,2024,8,2024_08,16.0,15.0
2024-09,60339333.571428575,57630054.20018536,169082.0,370149.0,0.0,210467.7142857143,33779.857142857145,0.6428571428571429,1.0,210467.7142857143,2024,9,2024_09,17.0,13.0
2024-10,61418864.09090909,57630054.200185366,169082.0,370149.0,0.0,207025.0,33740.454545454544,1.0909090909090908,1.0,207025.0,2024,10,2024_10,12.0,19.0
2024-11,62469221.875,57630054.20018536,169082.0,370149.0,0.0,216477.5,34744.375,0.75,1.0,216477.5,2024,11,2024_11,10.0,20.0
2024-12,63645003.16666666,57630054.20018536,169082.0,370149.0,0.0,204545.8333333333,32829.166666666664,8.833333333333334,1.0,204545.8333333333,2024,12,2024_12,6.0,25.0
2025-01,64877593.571428575,57630054.20018536,169082.0,370149.0,0.0,206630.14285714287,33163.857142857145,0.4285714285714285,1.0,206630.14285714287,2025,1,2025_01,11.0,20.0
2025-02,66037411.0,57630054.20018536,169082.0,370149.0,0.0,202760.66666666663,32543.222222222223,0.2222222222222222,1.0,202760.66666666663,2025,2,2025_02,10.0,18.0
2025-03,67319829.27272727,58465298.0910776,169082.0,370149.0,0.0,163632.18181818182,25982.272727272728,1.4545454545454546,1.0,163632.18181818182,2025,3,2025_03,13.0,18.0
2025-04,68442668.83333333,57630054.20018536,169082.0,370149.0,0.0,236628.5,37979.0,1.3333333333333333,1.0,236628.5,2025,4,2025_04,8.0,22.0
2025-05,70239481.375,57630054.20018536,169082.0,370149.0,0.0,276136.125,44320.125,0.0,1.0,276136.125,2025,5,2025_05,8.0,23.0
2025-06,71446383.125,57630054.20018536,169082.0,370149.0,0.0,293181.75,47055.75,0.375,1.0,293181.75,2025,6,2025_06,9.0,21.0
2025-07,72867845.75,61265624.65013902,169082.0,370149.0,0.0625,289920.4375,45906.125,4.375,1.0,289920.4375,2025,7,2025_07,16.0,15.0
2025-08,74036071.13333334,58720836.520173,169082.0,370149.0,0.0,325441.26666666666,51857.86666666667,1.5333333333333334,1.1333333333333333,285959.2222222222,2025,8,2025_08,17.0,14.0
2025-09,75760719.2,57630054.20018536,169082.0,370149.0,0.0,254766.2,40890.2,0.6,1.0,254766.2,2025,9,2025_09,17.0,13.0
2025-10,76597021.9,57630054.20018536,169082.0,370149.0,0.0,353607.9,57388.1,6.3,1.1,319397.0,2025,10,2025_10,11.0,20.0
2025-11,78406931.57142857,57630054.20018536,169082.0,370149.0,0.0,347357.4285714286,57922.57142857143,0.7142857142857143,1.1428571428571428,300146.0,2025,11,2025_11,8.0,22.0
2025-12,79882696.0,62114371.160148285,169082.0,370149.0,0.0,352519.8,55148.6,0.6,1.2,290311.8,2025,12,2025_12,6.0,25.0
2022-09,34602072.5,57630054.20018536,169082.0,370150.0,0.0,218182.0,37745.0,0.75,1.0,218182.0,2022,9,2022_09,4.0,56.0
2022-10,35232638.333333336,57630054.20018536,169082.0,370150.0,0.0,209091.0,36172.333333333336,0.3333333333333333,1.0,209091.0,2022,10,2022_10,3.0,59.0
2022-12,36758024.0,57630054.20018536,169082.0,370150.0,0.0,190909.0,33027.0,4.0,1.0,190909.0,2022,12,2022_12,1.0,61.0
2023-01,35385840.0,35385839.0,169082.0,370150.0,0.0,218182.0,41584.0,72.0,1.0,218182.0,2023,1,2023_01,1.0,61.0
2023-02,38734892.0,51345302.13345691,169082.0,370150.0,0.0,200000.0,33136.0,0.6666666666666666,1.0,200000.0,2023,2,2023_02,3.0,53.0
2023-03,39753158.5,57630054.20018536,169082.0,370150.0,0.0,327273.0,56618.0,1.5,1.5,218182.0,2023,3,2023_03,3.0,59.0
2023-04,40891082.5,57630054.20018536,169082.0,370150.0,0.0,204545.5,35386.0,3.0,1.0,204545.5,2023,4,2023_04,3.0,57.0
2023-05,41319439.0,54531173.160148285,169082.0,370150.0,0.0,201818.2,34914.2,20.0,1.0,201818.2,2023,5,2023_05,5.0,57.0
2023-06,43418801.0,57630054.20018535,169082.0,370150.0,0.0,181258.7692307692,31358.07692307692,1.2307692307692308,1.0,181258.7692307692,2023,6,2023_06,13.0,47.0
2023-07,44172728.09756097,56642012.52700107,169082.0,370150.0,0.0,200554.4634146341,34844.85365853659,1.2195121951219512,1.0731707317073171,187982.3963414634,2023,7,2023_07,44.0,18.0
2023-08,45251920.115384616,55268096.77707279,169082.0,370150.0,0.0,214867.15384615384,36479.5,0.9230769230769232,1.0769230769230769,198818.21153846156,2023,8,2023_08,27.0,35.0
2023-09,46409600.13793104,56475001.38637307,169082.0,370150.0,0.0,196363.72413793104,33971.137931034486,0.8275862068965517,1.0689655172413792,184514.2068965517,2023,9,2023_09,32.0,28.0
2023-10,47403955.7,56614566.61350016,169082.0,370150.0,0.0,213545.6,36943.63333333333,1.4,1.1333333333333333,187363.775,2023,10,2023_10,34.0,28.0
2023-11,48489145.333333336,57630054.20018536,169082.0,370150.0,0.0,216818.16666666663,37509.833333333336,0.1666666666666666,1.1666666666666667,184090.91666666663,2023,11,2023_11,7.0,53.0
2023-12,49427258.88888889,56754433.28905365,169082.0,370150.0,0.0,176363.44444444444,30039.777777777777,0.3333333333333333,1.0,176363.44444444444,2023,12,2023_12,10.0,52.0
2024-01,50408959.222222224,56111075.48903306,169082.0,370150.0,0.0,182727.3333333333,32677.666666666668,1.0,1.0,182727.3333333333,2024,1,2024_01,9.0,53.0
2024-02,51645903.6,57630054.20018536,169082.0,370150.0,0.0,181636.4,29152.6,0.2,1.0,181636.4,2024,2,2024_02,6.0,52.0
2024-03,52627878.8,57128671.08016682,169082.0,370150.0,0.0,218182.2,34453.3,0.5,1.0,218182.2,2024,3,2024_03,12.0,50.0
2024-04,53842856.9375,57160700.42516219,169082.0,370150.0,0.0,171783.9375,27571.5,0.875,1.0,171783.9375,2024,4,2024_04,16.0,44.0
2024-05,55046292.5,57510450.91835875,169082.0,370150.0,0.0,187896.63636363635,29997.772727272728,1.4545454545454546,1.0909090909090908,173020.5909090909,2024,5,2024_05,24.0,38.0
2024-06,56333642.1,57630054.20018536,169082.0,370150.0,0.0,208909.1,33529.9,1.3,1.0,208909.1,2024,6,2024_06,14.0,46.0
2024-07,58369223.0,57630054.20018536,169082.0,370150.0,0.0,250909.0,40271.0,1.0,1.0,250909.0,2024,7,2024_07,1.0,61.0
2024-08,59251702.6,57630054.20018536,169082.0,370150.0,0.0,226596.2,37322.2,1.2,1.0,226596.2,2024,8,2024_08,9.0,53.0
2024-09,60422610.0,57630054.20018536,169082.0,370150.0,0.0,302659.0,48576.75,2.75,1.25,246204.5,2024,9,2024_09,5.0,55.0
2024-10,61343069.333333336,57630054.20018536,169082.0,370150.0,0.0,263454.3333333333,42284.66666666666,2.0,1.0,263454.3333333333,2024,10,2024_10,4.0,58.0
2024-11,62458198.2,57630054.20018536,169082.0,370150.0,0.0,253418.2,40673.4,2.2,1.0,253418.2,2024,11,2024_11,5.0,55.0
2024-12,63584183.0,57630054.20018536,169082.0,370150.0,0.0,250909.0,40271.0,0.0,1.0,250909.0,2024,12,2024_12,1.0,61.0
2025-01,64902422.0,57630054.20018536,169082.0,370150.0,0.0,449362.5,72123.0,0.5,2.0,233423.8333333333,2025,1,2025_01,4.0,58.0
2025-02,65917672.0,57630054.20018536,169082.0,370150.0,0.0,229885.2,37912.6,0.0,1.2,191778.4,2025,2,2025_02,6.0,50.0
2025-03,67320768.875,58778514.55016219,169082.0,370150.0,0.0,175981.75,27801.375,0.875,1.0,175981.75,2025,3,2025_03,8.0,54.0
2025-04,68263557.0,57630054.20018536,169082.0,370150.0,0.0,343016.0,55054.0,0.0,1.0,343016.0,2025,4,2025_04,1.0,59.0
2025-07,72764306.25,59112232.30016219,169082.0,370150.0,0.0,370736.5,58041.875,8.125,1.0,370736.5,2025,7,2025_07,8.0,54.0
2025-08,74224971.0,59246119.880166814,169082.0,370150.0,0.1,471492.7,74735.1,0.2,1.2,396085.05,2025,8,2025_08,12.0,50.0
2025-09,74761691.0,57630054.20018536,169082.0,370150.0,0.0,457942.0,73499.5,17.0,1.0,457942.0,2025,9,2025_09,22.0,38.0
2025-10,76547258.33333333,57630054.20018536,169082.0,370150.0,0.0,1324870.0,212642.0,0.6666666666666666,2.6666666666666665,502331.06666666665,2025,10,2025_10,8.0,54.0
2025-11,78397527.0,57630054.20018536,169082.0,370150.0,0.0,451450.0,72457.0,0.0,1.0,451450.0,2025,11,2025_11,1.0,59.0
2025-12,80020539.0,57630054.20018536,169082.0,370150.0,0.0,763992.0,129774.5,0.5,1.5,509328.0,2025,12,2025_12,3.0,59.0
2026-01,80293078.0,57630054.20018536,169082.0,370150.0,0.0,490909.0,78791.0,5.0,1.0,490909.0,2026,1,2026_01,1.0,61.0
2022-11,36335982.5,57630054.20018536,174792.0,381255.0,0.0,3600000.0,540000.0,0.5,4.0,900000.0,2022,11,2022_11,8.0,112.0
2022-12,36602775.5,57630054.20018536,174792.0,381255.0,0.0,5846666.666666667,877000.0,15.833333333333334,5.0,1247666.6666666667,2022,12,2022_12,41.0,83.0
2023-01,37391554.18181818,57630054.200185366,174792.0,381255.0,0.0,3288654.5454545454,493298.1818181818,8.545454545454545,3.4545454545454546,968781.8181818182,2023,1,2023_01,82.0,42.0
2023-02,38441968.5,57630054.20018536,174792.0,381255.0,0.0,3041900.0,456285.0,10.5,3.0,1015600.0,2023,2,2023_02,51.0,61.0
2023-03,38947837.3,57630054.20018536,174792.0,381255.0,0.0,3537290.0,500593.5,17.5,2.9,1352440.8333333333,2023,3,2023_03,63.0,61.0
2023-04,40330121.0,57630054.20018535,174792.0,381255.0,0.0,3365400.0,504810.0,11.923076923076923,2.8461538461538463,1180570.0,2023,4,2023_04,41.0,79.0
2023-05,40915868.03703704,57630054.20018536,174792.0,381255.0,0.0,3377118.5185185187,506567.77777777775,28.77777777777778,2.6296296296296298,1299775.0,2023,5,2023_05,75.0,49.0
2023-06,41546509.058823526,56741385.65899798,174792.0,381255.0,0.0,4544864.705882353,681729.7058823529,42.47058823529412,3.3529411764705883,1329656.7647058824,2023,6,2023_06,65.0,55.0
2023-07,43663550.86363637,57630054.200185366,174792.0,381255.0,0.0454545454545454,5687120.909090909,853068.1363636364,19.272727272727277,3.0454545454545454,1926054.0909090908,2023,7,2023_07,73.0,51.0
2023-08,43533196.79166666,57630054.20018536,174792.0,381255.0,0.0,7979623.291666667,1196943.4583333333,51.333333333333336,3.5416666666666665,2305317.951388889,2023,8,2023_08,93.0,31.0
2023-09,45502051.526315786,57630054.20018536,174792.0,381255.0,0.0,6359254.684210527,930204.0,27.526315789473685,3.5789473684210527,1826816.717304625,2023,9,2023_09,65.0,55.0
2023-10,45640709.72727273,57630054.200185366,174792.0,381255.0,0.0,3878933.0454545454,581839.9545454546,50.72727272727273,2.909090909090909,1328271.706060606,2023,10,2023_10,77.0,47.0
2023-11,46332431.21428572,57630054.20018536,174792.0,381255.0,0.0,4870690.357142857,730603.5714285715,60.642857142857146,4.071428571428571,1207016.0857142855,2023,11,2023_11,63.0,57.0
2023-12,48429994.333333336,57630054.20018536,174792.0,381255.0,0.0,5543534.666666667,831530.4166666666,34.083333333333336,3.75,1475507.1319444445,2023,12,2023_12,52.0,72.0
2024-01,49226506.0,57630054.20018536,174792.0,381255.0,0.0,4028211.0,604231.6666666666,27.58333333333333,3.6666666666666665,1135958.1875,2024,1,2024_01,64.0,60.0
2024-02,49839370.5,57630054.20018536,174792.0,381255.0,0.0,2391109.875,358666.5,47.375,2.5,952534.6875,2024,2,2024_02,26.0,90.0
2024-03,52205237.0,57630054.20018536,174792.0,381255.0,0.0,3588252.0,538237.75,13.0,2.75,1280701.1666666667,2024,3,2024_03,33.0,91.0
2024-04,52904545.56521739,57425564.23495992,174792.0,381255.0,0.0,2691086.0434782607,403662.9130434783,27.0,2.4782608695652173,1074826.731884058,2024,4,2024_04,59.0,61.0
2024-05,54181461.60869565,57630054.20018536,174792.0,381255.0,0.0,4770697.652173913,715604.6521739131,26.695652173913043,3.565217391304348,1466266.298447205,2024,5,2024_05,81.0,43.0
2024-06,55498731.18518519,57630054.20018536,174792.0,381255.0,0.0,3999592.888888889,599938.925925926,25.55555555555556,3.0,1293431.1043209878,2024,6,2024_06,92.0,28.0
2024-07,55596343.058823526,57630054.20018536,174792.0,381255.0,0.0,6589134.352941177,988370.1764705882,54.11764705882353,3.882352941176471,1682589.0882352942,2024,7,2024_07,91.0,33.0
2024-08,55291552.11627907,57438382.72575813,174792.0,381255.0,0.0,4519084.883720931,677862.6976744186,90.67441860465117,2.558139534883721,1775539.8139534884,2024,8,2024_08,112.0,12.0
2024-09,56622324.782608695,57630054.20018536,174792.0,381255.0,0.0,6648272.521739131,997240.8695652174,90.17391304347828,4.043478260869565,1668496.55,2024,9,2024_09,90.0,30.0
2024-10,60554594.70588236,57630054.20018536,174792.0,381255.0,0.0,4528247.705882353,679237.1764705882,23.764705882352946,3.588235294117647,1252408.4044117648,2024,10,2024_10,91.0,33.0
2024-11,62395955.7368421,57630054.20018536,174792.0,381255.0,0.0,3128736.5263157897,469310.5263157895,8.526315789473685,3.263157894736842,922474.5067669172,2024,11,2024_11,99.0,21.0
2024-12,61851183.35294118,57630054.20018536,174792.0,381255.0,0.0,4481206.764705882,672181.0588235294,50.8235294117647,3.3529411764705883,1288154.4197012137,2024,12,2024_12,95.0,29.0
2025-01,64653444.6875,57630054.20018536,174792.0,381255.0,0.0,2704216.25,407290.75,9.625,3.25,830272.675,2025,1,2025_01,83.0,41.0
2025-02,65269211.42857143,57630054.20018536,174792.0,381255.0,0.0,3104565.5,465684.7142857143,20.857142857142858,4.071428571428571,783967.119047619,2025,2,2025_02,61.0,51.0
2025-03,65509749.0,57630054.20018536,174792.0,381255.0,0.0,2973174.285714286,445976.1428571429,47.57142857142857,3.2857142857142856,901717.1428571428,2025,3,2025_03,58.0,66.0
2025-04,67359841.5625,57630054.20018536,174792.0,381255.0,0.0,3514763.3125,527214.5625,36.9375,3.5,1004468.4645833332,2025,4,2025_04,65.0,55.0
2025-05,69226346.0,57630054.20018535,174792.0,381255.0,0.0,3271263.3076923075,490689.4615384616,17.5,2.8076923076923075,1233347.9583333335,2025,5,2025_05,95.0,29.0
2025-06,69284375.20833333,57630054.20018536,174792.0,381255.0,0.0,4068427.25,610264.0416666666,47.0,3.333333333333333,1228125.8875,2025,6,2025_06,82.0,38.0
2025-07,71837034.5,57630054.200185366,174792.0,381255.0,0.0666666666666666,5497422.666666667,824613.4,23.666666666666668,3.3,1652852.7638888888,2025,7,2025_07,100.0,24.0
2025-08,71009420.87878788,57630054.20018536,174792.0,381255.0,0.0303030303030303,5515959.545454546,827393.9696969697,73.48484848484848,2.9393939393939394,1928366.2575757576,2025,8,2025_08,108.0,16.0
2025-09,74589779.69444445,57630054.20018536,174792.0,381255.0,0.0,4546071.5,681910.7777777778,25.444444444444443,2.7777777777777777,1594183.486882716,2025,9,2025_09,105.0,15.0
2025-10,75772458.5,58294216.62684584,174792.0,381255.0,0.0,3939887.6,590983.1666666666,26.866666666666667,3.3,1188396.34,2025,10,2025_10,105.0,19.0
2025-11,77820599.625,57630054.20018536,174792.0,381255.0,0.0,3155571.125,507879.875,15.75,3.5,890110.8041666667,2025,11,2025_11,53.0,67.0
2025-12,78774209.77777778,57630054.20018536,174792.0,381255.0,0.0,4924202.111111111,745193.8888888889,22.33333333333333,2.7777777777777777,1711578.240740741,2025,12,2025_12,33.0,91.0
2026-01,79059355.0,59977789.380166814,174792.0,381255.0,0.0,4220235.1,650719.8,42.8,3.7,1090984.407142857,2026,1,2026_01,56.0,68.0
2026-02,80378877.0,57630054.20018536,174792.0,381255.0,0.0,5630552.0,880732.0,45.5,5.0,1103740.5714285714,2026,2,2026_02,4.0,108.0
2026-03,78716206.0,57630054.20018536,174792.0,381255.0,0.0,8385552.0,1257833.0,105.0,7.0,1197936.0,2026,3,2026_03,13.0,111.0
2026-04,77556700.0,57630054.20018536,174792.0,381255.0,0.5,8048082.5,1207212.0,166.0,7.5,1073423.375,2026,4,2026_04,15.0,105.0
2026-05,80743637.5,57630054.20018536,174792.0,381255.0,0.0,2484720.0,413018.0,127.5,2.0,1316310.0,2026,5,2026_05,4.0,120.0
2026-06,80248254.0,57630054.20018536,174792.0,381255.0,0.0,5061600.0,819353.0,161.5,3.0,1687200.0,2026,6,2026_06,6.0,114.0
2026-08,81130455.66666667,57630054.20018536,174792.0,381255.0,0.0,8554000.0,1479841.6666666667,203.66666666666663,3.6666666666666665,2291750.0,2026,8,2026_08,11.0,113.0
2026-10,78451737.0,57630054.20018536,174792.0,381255.0,0.0,4599000.0,689850.0,336.0,3.0,1533000.0,2026,10,2026_10,3.0,121.0
2026-11,78754262.0,57630054.20018536,174792.0,381255.0,0.0,4094100.0,614115.0,349.0,3.0,1364700.0,2026,11,2026_11,3.0,117.0
2022-12,36942788.333333336,48436832.88899186,179195.0,388810.0,0.7777777777777778,2915849.1666666665,71604.0,6.333333333333333,5.444444444444445,551433.7202380953,2022,12,2022_12,45.0,203.0
2023-01,37452996.5,50600380.58012048,179195.0,388810.0,0.1,1212530.55,187768.9,3.3,2.85,449221.35,2023,1,2023_01,107.0,141.0
2023-02,38726680.222222224,53431201.71125528,179195.0,388810.0,0.1111111111111111,1456270.6666666667,262128.77777777775,3.888888888888889,3.333333333333333,452874.4021164021,2023,2,2023_02,65.0,159.0
2023-03,39459666.307692304,57630054.20018535,179195.0,388810.0,0.1538461538461538,1679631.3846153845,302333.6923076923,4.076923076923077,3.615384615384616,511529.0673992674,2023,3,2023_03,84.0,164.0
2023-04,40714102.31578948,54949771.37910346,179195.0,388810.0,0.0526315789473684,2211796.4736842103,398123.4736842105,4.578947368421052,3.3684210526315788,682542.2298245614,2023,4,2023_04,121.0,119.0
2023-05,41916819.777777776,56456677.81498644,179195.0,388810.0,0.037037037037037,2098970.407407407,402293.962962963,2.037037037037037,3.1481481481481484,687861.3539241622,2023,5,2023_05,155.0,93.0
2023-06,42641954.66666666,54769470.606499255,179195.0,388810.0,0.0476190476190476,2064957.7936507936,440197.0,14.904761904761903,3.1746031746031744,649630.4005291006,2023,6,2023_06,211.0,29.0
2023-07,42136014.4893617,53256704.18736813,179195.0,388810.0,0.2553191489361702,3576027.6170212766,699907.0638297872,57.61702127659574,3.893617021276596,910130.5055217833,2023,7,2023_07,191.0,57.0
2023-08,42875594.81481481,54936791.15323974,179195.0,388810.0,0.0987654320987654,2557248.049382716,519220.5432098765,67.46913580246914,2.8641975308641974,879179.0995251661,2023,8,2023_08,236.0,12.0
2023-09,45120105.196969695,56183969.83046873,179195.0,388810.0,0.0757575757575757,2732927.909090909,623347.8787878788,36.77272727272727,3.212121212121212,855959.6737012988,2023,9,2023_09,223.0,17.0
2023-10,46600388.508771926,56671298.60367787,179195.0,388810.0,0.0175438596491228,2445862.49122807,558304.2807017544,24.087719298245613,3.5789473684210527,719748.4329365079,2023,10,2023_10,213.0,35.0
2023-11,47508239.722222224,54534381.61123983,179195.0,388810.0,0.0555555555555555,1790897.7222222222,411906.4444444445,26.666666666666668,3.1666666666666665,571587.688425926,2023,11,2023_11,152.0,88.0
2023-12,48409414.84615385,55148099.30783489,179195.0,388810.0,0.1538461538461538,2976367.6923076925,684564.6923076923,36.23076923076923,4.461538461538462,665827.5645604396,2023,12,2023_12,111.0,137.0
2024-01,49972161.15789474,55678510.147505,179195.0,388810.0,0.0,1608572.894736842,369971.6842105263,10.421052631578949,3.0526315789473686,571371.9461152882,2024,1,2024_01,101.0,147.0
2024-02,51271503.782608695,55996506.84361526,179195.0,388810.0,0.0869565217391304,1415960.6956521738,325670.95652173914,5.565217391304348,3.695652173913044,487568.9085921325,2024,2,2024_02,114.0,118.0
2024-03,50687765.5,54397492.76122439,179195.0,388810.0,0.0277777777777777,2006714.611111111,461544.27777777775,59.30555555555556,3.4722222222222223,589986.3900462963,2024,3,2024_03,166.0,82.0
2024-04,52136692.25454546,56004559.37467352,179195.0,388810.0,0.0181818181818181,1716881.1636363636,394882.7090909091,48.018181818181816,2.872727272727273,595466.3046320346,2024,4,2024_04,204.0,36.0
2024-05,53080182.294117644,56887748.28643079,179195.0,388810.0,0.0,2027253.4705882352,466268.3725490196,52.84313725490196,3.0392156862745097,657551.3905228758,2024,5,2024_05,228.0,20.0
2024-06,55200815.29268292,57029646.14161713,179195.0,388810.0,0.048780487804878,2426498.3902439023,558094.756097561,30.78048780487805,3.1707317073170733,771344.6004065041,2024,6,2024_06,163.0,77.0
2024-07,55064784.47142857,56437360.87156097,179195.0,388810.0,0.3142857142857143,3165320.1285714284,728023.5714285715,66.11428571428571,3.242857142857143,981407.5911904764,2024,7,2024_07,229.0,19.0
2024-08,55514143.47126437,56561323.781726375,179195.0,388810.0,0.2068965517241379,2841746.6551724137,632695.6666666666,84.6896551724138,2.735632183908046,1042066.5603448276,2024,8,2024_08,240.0,8.0
2024-09,59099860.91935484,57783927.74532871,179195.0,388810.0,0.0,3056861.6129032257,588987.2258064516,29.161290322580644,3.177419354838709,980667.632296467,2024,9,2024_09,207.0,33.0
2024-10,61013047.0,58410196.65804108,179195.0,388810.0,0.0789473684210526,2745462.0,497353.7894736842,11.18421052631579,3.8684210526315783,714372.6054093568,2024,10,2024_10,179.0,69.0
2024-11,61338473.55555555,59806107.00010297,179195.0,388810.0,0.1111111111111111,2146432.5555555555,393404.77777777775,31.77777777777778,3.7777777777777777,583144.2740740741,2024,11,2024_11,78.0,162.0
2024-12,61698259.25,58367763.15013902,179195.0,388810.0,0.0,4875073.25,877513.5,61.5,5.75,864091.3611111111,2024,12,2024_12,71.0,177.0
2025-01,64751063.27272727,60140873.12739069,179195.0,388810.0,0.0,1845932.9090909087,332267.9090909091,1.181818181818182,3.272727272727273,690292.6545454545,2025,1,2025_01,50.0,198.0
2025-02,66205775.333333336,59104119.00015447,179195.0,388810.0,0.0,1906403.3333333333,346781.75,5.916666666666667,5.5,531111.0902777778,2025,2,2025_02,94.0,130.0
2025-03,67350615.84210527,59714438.26330423,179195.0,388810.0,0.1052631578947368,1567565.9473684211,308736.3157894737,5.105263157894737,2.8947368421052637,559192.4710526315,2025,3,2025_03,116.0,132.0
2025-04,68564677.91666667,59462228.37515447,179195.0,388810.0,0.125,1691492.8333333333,338298.5416666667,3.5,3.25,532653.4944444444,2025,4,2025_04,130.0,110.0
2025-05,69791683.86363636,59297482.35470554,179195.0,388810.0,0.0454545454545454,2246926.1818181816,404446.7727272727,6.045454545454546,4.727272727272728,587618.8756420347,2025,5,2025_05,175.0,73.0
2025-06,71050920.66666667,58902164.89540581,179195.0,388810.0,0.2857142857142857,2665158.285714286,473537.0476190476,9.095238095238097,4.238095238095238,701305.4122448979,2025,6,2025_06,160.0,80.0
2025-07,70847420.92857143,62424049.40963856,179195.0,388810.0,0.5,5180378.30952381,932468.119047619,46.21428571428572,3.619047619047619,1434726.339896215,2025,7,2025_07,209.0,39.0
2025-08,70409443.06557377,60716473.68866133,179195.0,388810.0,0.180327868852459,4606351.655737705,827765.1639344263,86.01639344262296,3.2131147540983607,1433981.400273224,2025,8,2025_08,238.0,10.0
2025-09,74851809.52941176,59670908.23545767,179195.0,388810.0,0.0,4900904.176470588,882162.7058823529,17.41176470588235,4.294117647058823,1164443.2023809524,2025,9,2025_09,122.0,118.0
2025-10,76068083.93548387,63055933.27109929,179195.0,388810.0,0.2258064516129032,2481906.0322580645,446743.064516129,20.61290322580645,3.5806451612903225,713353.0170506913,2025,10,2025_10,157.0,91.0
2025-11,77889374.42857143,69226236.94293658,179195.0,388810.0,0.0,2034514.2857142857,366212.5714285714,2.857142857142857,3.571428571428572,599914.2857142857,2025,11,2025_11,51.0,189.0
2025-12,79860776.0,63202885.15013902,179195.0,388810.0,0.0,3126176.5,562711.75,2.0,3.75,841252.7708333334,2025,12,2025_12,42.0,206.0
2026-01,80690338.0,65516837.46679024,179195.0,388810.0,0.0,810810.0,145945.66666666666,16.0,1.6666666666666667,481950.0,2026,1,2026_01,36.0,212.0
2026-02,79327093.66666667,57630054.20018536,179195.0,388810.0,0.0,2037420.0,366735.6666666667,62.0,3.0,667850.4,2026,2,2026_02,9.0,215.0
2026-03,78417849.0,57630054.20018536,179195.0,388810.0,0.0,3135510.0,564392.0,118.0,5.0,627102.0,2026,3,2026_03,12.0,236.0
2026-05,80200667.0,80200665.0,179195.0,388810.0,0.0,5445468.0,980184.0,127.0,7.0,777924.0,2026,5,2026_05,55.0,193.0
2026-07,81102311.71428572,71034957.80007944,179195.0,388810.0,0.4285714285714285,6493928.571428572,1168907.142857143,173.85714285714286,5.428571428571429,1261392.857142857,2026,7,2026_07,34.0,214.0
2026-08,80303345.63636364,67937122.01828292,179195.0,388810.0,0.4545454545454545,5312045.454545454,956168.1818181818,221.9090909090909,3.909090909090909,1360227.2727272727,2026,8,2026_08,51.0,197.0
2022-12,36922632.5,57630054.20018536,179195.0,388811.0,0.0,3230500.0,0.0,5.5,6.0,517142.8571428572,2022,12,2022_12,11.0,51.0
2023-01,37116294.66666666,50824408.46679024,179195.0,388811.0,0.0,2694199.0,344435.6666666667,13.833333333333334,5.666666666666667,491116.9797979798,2023,1,2023_01,45.0,17.0
2023-02,38064703.5,57630054.20018536,179195.0,388811.0,0.0,1688700.0,303966.0,19.5,2.5,659100.0,2023,2,2023_02,18.0,38.0
2023-03,39512276.8,57630054.20018536,179195.0,388811.0,0.1,2027436.1,364938.4,6.0,3.5,702465.45,2023,3,2023_03,36.0,26.0
2023-04,40299688.5,55576084.30016219,179195.0,388811.0,0.0,2160882.5,388958.875,17.5,2.375,891987.25,2023,4,2023_04,22.0,38.0
2023-05,41415593.0,54801231.75015447,179195.0,388811.0,0.0,2527141.1666666665,471787.5,17.75,2.75,914595.4375,2023,5,2023_05,36.0,26.0
2023-06,42361448.38461538,57630054.20018535,179195.0,388811.0,0.0,2798135.5384615385,608985.8461538461,21.692307692307693,2.923076923076923,971113.6923076924,2023,6,2023_06,37.0,23.0
2023-07,42066791.13333333,55439396.90682731,179195.0,388811.0,0.1333333333333333,3443700.8666666667,703913.6,61.8,2.933333333333333,1162231.8666666667,2023,7,2023_07,47.0,15.0
2023-08,42973052.88461538,56456447.9924788,179195.0,388811.0,0.1538461538461538,2922522.6923076925,610427.5769230769,64.92307692307692,2.6153846153846154,1104126.7307692308,2023,8,2023_08,62.0,0.0
2023-09,44848044.0625,56131267.98766219,179195.0,388811.0,0.0,3399799.0,746518.125,47.1875,3.0625,1116349.3229166667,2023,9,2023_09,54.0,6.0
2023-10,45736514.16666666,56603623.13350839,179195.0,388811.0,0.0,2348962.0555555555,524766.2777777778,48.333333333333336,2.555555555555556,932731.1018518518,2023,10,2023_10,50.0,12.0
2023-11,47363628.88888889,55530603.60014417,179195.0,388811.0,0.0,2825500.0,649865.0,32.0,4.222222222222222,674328.5714285714,2023,11,2023_11,43.0,17.0
2023-12,47682739.3,56401955.08016682,179195.0,388811.0,0.0,3241959.9,745650.9,55.2,4.1,837407.3964285714,2023,12,2023_12,41.0,21.0
2024-01,48844755.5,57630054.20018536,179195.0,388811.0,0.0,2361042.0,543039.7,44.9,3.2,752719.5,2024,1,2024_01,39.0,23.0
2024-02,50637964.125,57630054.20018536,179195.0,388811.0,0.0,3340102.5,768223.75,22.375,4.5,727623.5625,2024,2,2024_02,32.0,26.0
2024-03,50539699.25,56992162.05016219,179195.0,388811.0,0.0,3143787.25,723071.25,63.875,4.5,706104.875,2024,3,2024_03,38.0,24.0
2024-04,53419906.78571428,56536424.08585993,179195.0,388811.0,0.0,2000233.4285714289,460053.5714285714,14.428571428571429,2.7857142857142856,720100.1904761904,2024,4,2024_04,43.0,17.0
2024-05,54040848.94117648,56888405.106035,179195.0,388811.0,0.0,2288187.588235294,526283.1764705882,26.58823529411765,2.8823529411764706,786395.5392156863,2024,5,2024_05,55.0,7.0
2024-06,54836200.9375,57408203.37517378,179195.0,388811.0,0.0,2544976.625,585344.5625,39.375,2.875,858893.765625,2024,6,2024_06,47.0,13.0
2024-07,55001269.4117647,56832318.34132912,179195.0,388811.0,0.0,3402037.882352941,782468.7647058824,69.17647058823529,2.8823529411764706,1172943.288235294,2024,7,2024_07,50.0,12.0
2024-08,55317320.04166666,57272636.68350325,179195.0,388811.0,0.0,2803144.875,624510.7083333334,89.375,2.333333333333333,1221160.7083333333,2024,8,2024_08,57.0,5.0
2024-09,57215583.0,57630054.20018536,179195.0,388811.0,0.0,3537442.9411764704,764673.2941176471,74.3529411764706,3.0,1170859.2647058824,2024,9,2024_09,51.0,9.0
2024-10,58970428.46666667,57860786.520173,179195.0,388811.0,0.0,2502514.0,486712.4666666667,62.73333333333333,2.8,879770.5,2024,10,2024_10,47.0,15.0
2024-11,61771626.7,58173629.980166815,179195.0,388811.0,0.0,2277409.5,431803.8,22.5,3.2,691109.28,2024,11,2024_11,28.0,32.0
2024-12,64000603.5,57630054.20018536,179195.0,388811.0,0.0,2817517.5,507153.0,0.5,3.0,939172.5,2024,12,2024_12,20.0,42.0
2025-01,64944340.0,57630054.20018536,179195.0,388811.0,0.0,1828125.5,329062.5,2.5,3.0,609375.1666666666,2025,1,2025_01,20.0,42.0
2025-02,66048880.66666666,57630054.20018536,179195.0,388811.0,0.0,2155275.0,344574.0,7.333333333333333,3.0,705375.0,2025,2,2025_02,11.0,45.0
2025-03,67132060.33333333,59307309.8334878,179195.0,388811.0,0.0,2212800.0,424470.0,10.833333333333334,3.333333333333333,679080.0,2025,3,2025_03,22.0,40.0
2025-04,68570819.08333333,57630054.20018536,179195.0,388811.0,0.0,2433471.833333333,478828.0,7.666666666666667,3.25,749587.6726190476,2025,4,2025_04,38.0,22.0
2025-05,69740410.4,57630054.20018536,179195.0,388811.0,0.0,3444916.6,620084.8,6.8,4.4,793275.4,2025,5,2025_05,39.0,23.0
2025-06,70208814.85714285,60169412.80014564,179195.0,388811.0,0.0,2744931.3571428573,494087.5,26.714285714285715,3.2142857142857144,873831.8843537414,2025,6,2025_06,47.0,13.0
2025-07,70949202.8,59853095.160148285,179195.0,388811.0,0.0,5967399.2,1074131.9,44.9,3.9,1535761.8,2025,7,2025_07,48.0,14.0
2025-08,71996733.35714285,58943161.88587316,179195.0,388811.0,0.0,4769975.785714285,858595.6428571428,51.57142857142857,3.357142857142857,1414577.9357142858,2025,8,2025_08,61.0,1.0
2025-09,74655037.45454545,57630054.200185366,179195.0,388811.0,0.0,4513058.181818182,812350.4545454546,25.0,3.5454545454545454,1318888.2467532468,2025,9,2025_09,48.0,12.0
2025-10,75505650.0,59288607.78016682,179195.0,388811.0,0.0,2810669.6,505920.6,31.5,3.2,881087.6333333334,2025,10,2025_10,40.0,22.0
2025-11,78246302.0,57630054.20018536,179195.0,388811.0,0.0,1556400.0,280152.0,0.6666666666666666,2.333333333333333,701400.0,2025,11,2025_11,7.0,53.0
2025-12,79460789.25,57630054.20018536,179195.0,388811.0,0.0,2631622.5,473692.0,11.5,2.5,972320.625,2025,12,2025_12,8.0,54.0
2026-01,80073644.0,57630054.20018536,179195.0,388811.0,0.0,1331640.0,239695.0,14.5,2.0,643140.0,2026,1,2026_01,10.0,52.0
2026-02,78214578.0,57630054.20018536,179195.0,388811.0,0.0,3988213.0,717878.0,96.0,7.0,569744.7142857143,2026,2,2026_02,7.0,49.0
2026-03,81250621.5,57630054.20018536,179195.0,388811.0,0.0,3029400.0,625482.0,45.5,4.5,677160.0,2026,3,2026_03,13.0,49.0
2026-04,80413077.5,68591832.10009268,179195.0,388811.0,0.0,3227850.0,581013.0,98.0,4.5,716175.0,2026,4,2026_04,13.0,47.0
2026-05,79863374.6,66313686.92011122,179195.0,388811.0,0.0,4623552.4,832239.4,143.2,6.0,769857.4857142858,2026,5,2026_05,32.0,30.0
2026-06,80550674.6,62224314.56014829,179195.0,388811.0,0.0,5744925.0,1034086.4,157.4,6.6,869014.2857142857,2026,6,2026_06,33.0,27.0
2026-07,80529211.75,69381126.85009268,179195.0,388811.0,0.0,5215500.0,938790.0,203.0,3.5,1496250.0,2026,7,2026_07,18.0,44.0
2026-08,79370896.0,68363685.26675935,179195.0,388811.0,0.0,5532750.0,995895.0,247.5,3.8333333333333335,1434000.0,2026,8,2026_08,29.0,33.0
2022-12,36956086.71428572,45805919.94293658,179195.0,388812.0,0.7142857142857143,2914556.3200000003,105360.28571428572,5.857142857142857,6.571428571428571,542654.7191836735,2022,12,2022_12,26.0,160.0
2023-01,37219963.0,52522094.65013902,179195.0,388812.0,0.25,3049745.75,548954.5,7.0,6.25,448367.18888888886,2023,1,2023_01,59.0,127.0
2023-02,38260631.333333336,51140427.80012357,179195.0,388812.0,0.0,1783101.3333333333,320958.6666666667,11.666666666666666,4.0,445775.3333333333,2023,2,2023_02,45.0,123.0
2023-03,39573928.875,57630054.20018536,179195.0,388812.0,0.125,1772316.5,319017.0,6.0,2.875,671764.1666666666,2023,3,2023_03,74.0,112.0
2023-04,40482800.44444445,53888715.266810834,179195.0,388812.0,0.0,2651254.6666666665,477226.0,8.777777777777779,3.555555555555556,723430.1000000001,2023,4,2023_04,79.0,101.0
2023-05,41996948.266666666,50383301.50676552,179195.0,388812.0,0.0,2030062.4,376557.93333333335,2.8,2.8,782056.9755555555,2023,5,2023_05,47.0,139.0
2023-06,43057249.4117647,55925930.58839885,179195.0,388812.0,0.0,2090623.794117647,472289.2647058824,4.852941176470588,3.411764705882353,629018.8541666667,2023,6,2023_06,136.0,44.0
2023-07,43521960.11111111,55103547.44459891,179195.0,388812.0,0.1944444444444444,2815650.972222222,623611.9722222222,23.30555555555556,3.0,929960.6157407408,2023,7,2023_07,128.0,58.0
2023-08,43056716.79365079,54809045.97475617,179195.0,388812.0,0.1428571428571428,2825568.8412698414,588724.3015873015,63.42857142857143,2.761904761904762,1043059.4232804232,2023,8,2023_08,180.0,6.0
2023-09,45792118.98039216,55789900.2472151,179195.0,388812.0,0.0196078431372549,2893041.7843137253,665399.6078431372,18.058823529411764,3.0,995600.633006536,2023,9,2023_09,166.0,14.0
2023-10,46752050.38095238,55759932.04777351,179195.0,388812.0,0.0476190476190476,2312034.4285714286,531767.9285714285,20.80952380952381,3.4761904761904763,718008.1097557205,2023,10,2023_10,158.0,28.0
2023-11,47243545.7368421,53574644.54748549,179195.0,388812.0,0.0,2464169.4736842103,566758.8947368421,36.10526315789474,4.526315789473684,542044.6136591479,2023,11,2023_11,99.0,81.0
2023-12,48789231.13333333,56294473.44016064,179195.0,388812.0,0.0,2347866.466666667,540009.2666666667,20.666666666666668,3.533333333333333,661401.4666666667,2023,12,2023_12,84.0,102.0
2024-01,49431301.12903226,56090484.129181735,179195.0,388812.0,0.1290322580645161,1960192.1290322584,450844.1935483871,26.032258064516128,4.161290322580645,476759.07849462365,2024,1,2024_01,130.0,56.0
2024-02,50265007.5,56931997.30850325,179195.0,388812.0,0.0,2174568.333333333,500150.75,37.75,4.625,475618.6641203704,2024,2,2024_02,151.0,23.0
2024-03,50145981.615384616,57630054.20018535,179195.0,388812.0,0.1538461538461538,3425036.076923077,787758.3846153846,72.07692307692308,6.384615384615385,525580.9542406312,2024,3,2024_03,112.0,74.0
2024-04,53395797.13793104,56214408.62081749,179195.0,388812.0,0.0344827586206896,2452209.6551724137,564008.2068965518,15.79310344827586,3.5172413793103448,693626.4527093596,2024,4,2024_04,135.0,45.0
2024-05,53360520.16216216,56716637.97853368,179195.0,388812.0,0.027027027027027,2282975.054054054,525084.2702702703,46.86486486486486,3.216216216216216,698678.1686936937,2024,5,2024_05,163.0,23.0
2024-06,53989280.333333336,56602558.27513901,179195.0,388812.0,0.2083333333333333,3058581.708333333,703473.8333333334,67.75,3.625,830676.4299603174,2024,6,2024_06,96.0,84.0
2024-07,55775739.29787234,56925354.93630824,179195.0,388812.0,0.1914893617021276,3599233.234042553,827823.6382978724,49.74468085106383,3.425531914893617,1074751.006585613,2024,7,2024_07,172.0,14.0
2024-08,55615518.03030303,56308377.945572495,179195.0,388812.0,0.2424242424242424,3450329.075757576,763132.7424242424,81.9090909090909,2.893939393939394,1189541.7040404042,2024,8,2024_08,177.0,9.0
2024-09,59484978.56666667,58079016.96014829,179195.0,388812.0,0.0333333333333333,3623754.233333333,694149.8666666667,21.066666666666663,3.466666666666667,1053554.8683333334,2024,9,2024_09,136.0,44.0
2024-10,60710898.09090909,58600477.27285366,179195.0,388812.0,0.3181818181818182,2576922.772727273,463846.2727272727,17.772727272727273,3.090909090909091,840396.4204545454,2024,10,2024_10,79.0,107.0
2024-11,57976763.5,57803408.60009268,179195.0,388812.0,0.0,3175200.0,730296.0,116.0,5.0,635040.0,2024,11,2024_11,33.0,147.0
2024-12,58626368.66666666,57630054.20018536,179195.0,388812.0,0.0,4318704.333333333,951897.0,137.33333333333334,4.666666666666667,858777.6666666666,2024,12,2024_12,22.0,164.0
2025-03,67468301.0,57630054.20018536,179195.0,388812.0,0.0,3460470.0,692094.0,3.0,5.0,671666.25,2025,3,2025_03,68.0,118.0
2025-04,68654331.0,63121554.60009268,179195.0,388812.0,0.5,2090884.25,418177.0,5.625,4.0,558144.3958333334,2025,4,2025_04,107.0,73.0
2025-05,69984465.4,58871302.58016682,179195.0,388812.0,0.0,3383494.7,609029.0,1.3,4.4,778049.89,2025,5,2025_05,119.0,67.0
2025-06,70987078.55555555,60508957.71125528,179195.0,388812.0,0.2222222222222222,4019675.111111111,723541.5555555555,12.444444444444445,5.0,811694.1126984127,2025,6,2025_06,69.0,111.0
2025-07,70573058.3125,63438902.95009847,179195.0,388812.0,0.46875,4942950.25,889731.0625,51.8125,3.625,1374149.9503720235,2025,7,2025_07,139.0,47.0
2025-08,71404807.25925925,61612173.93346034,179195.0,388812.0,0.2777777777777778,3516529.907407407,632975.3518518518,66.0,2.6481481481481484,1337544.3395061728,2025,8,2025_08,173.0,13.0
2025-09,75188494.2,61064557.96014829,179195.0,388812.0,0.4,4384784.3,789261.2,11.9,3.4,1316532.0444444444,2025,9,2025_09,58.0,122.0
2025-10,75788541.0,66965428.22509268,179195.0,388812.0,0.125,5391538.875,970477.25,20.75,7.375,731653.191468254,2025,10,2025_10,89.0,97.0
2025-11,78379053.5,61713034.36014829,179195.0,388812.0,0.0,1887387.9,339730.0,0.1,3.6,576381.1285714286,2025,11,2025_11,30.0,150.0
2025-12,79638353.7,70945822.18007414,179195.0,388812.0,0.4,4390223.1,790240.3,3.8,6.0,753194.212012987,2025,12,2025_12,62.0,124.0
2026-03,81429758.0,57630054.20018536,179195.0,388812.0,0.0,2640000.0,607200.0,52.0,5.0,528000.0,2026,3,2026_03,5.0,181.0
2026-06,81014011.5,69322032.60009268,179195.0,388812.0,1.0,24177705.0,4351987.0,163.0,19.0,1272510.7894736845,2026,6,2026_06,2.0,178.0
2026-07,80029858.0,80029855.0,179195.0,388812.0,0.5,2409750.0,433755.0,190.0,2.0,1204875.0,2026,7,2026_07,44.0,142.0
2026-08,81128459.5,69437310.76675935,179195.0,388812.0,0.5,5531641.833333333,995695.5,202.5,5.0,1122913.1190476192,2026,8,2026_08,30.0,156.0
2022-12,36985854.25,57630054.20018536,179195.0,388813.0,0.0,1730550.25,146461.5,2.0,3.5,511764.7083333334,2022,12,2022_12,12.0,50.0
2023-01,37435697.2,55559311.380166814,179195.0,388813.0,0.0,1082717.5,82686.1,7.9,2.6,401357.5,2023,1,2023_01,25.0,37.0
2023-02,38771307.75,52906345.15013902,179195.0,388813.0,0.0,960744.375,172934.125,1.875,2.625,372674.4895833333,2023,2,2023_02,22.0,34.0
2023-03,39479420.75,57630054.20018536,179195.0,388813.0,0.0,1144811.125,206065.875,2.125,3.625,371811.15773809527,2023,3,2023_03,31.0,31.0
2023-04,40483401.25,55265529.42516219,179195.0,388813.0,0.0,1445648.875,260217.0,9.375,2.125,658562.5520833334,2023,4,2023_04,21.0,39.0
2023-05,42103010.90909091,57630054.200185366,179195.0,388813.0,0.0,2030097.5454545452,382695.8181818182,2.1818181818181817,3.363636363636364,597061.0606060607,2023,5,2023_05,37.0,25.0
2023-06,42737569.35714286,56533341.75731497,179195.0,388813.0,0.0,1586572.2142857143,345070.5,13.571428571428571,2.642857142857143,592476.9535714285,2023,6,2023_06,43.0,17.0
2023-07,42773385.21052632,55808337.44227111,179195.0,388813.0,0.1052631578947368,1841575.5789473683,384035.6842105263,43.26315789473684,2.3684210526315788,779802.4912280702,2023,7,2023_07,48.0,14.0
2023-08,43595870.708333336,56348524.68350325,179195.0,388813.0,0.0,1879703.1666666667,392876.7916666667,49.75,2.458333333333333,755100.5798611111,2023,8,2023_08,60.0,2.0
2023-09,45598256.04,56219468.53616312,179195.0,388813.0,0.0,1680413.08,386495.0,25.96,2.2,752090.68,2023,9,2023_09,57.0,3.0
2023-10,46161867.76190476,56449434.94302485,179195.0,388813.0,0.0,1310387.0,301389.0,36.80952380952381,2.238095238095238,596099.8214285715,2023,10,2023_10,58.0,4.0
2023-11,47764595.2,56594764.980166815,179195.0,388813.0,0.0,1329514.9,305788.4,20.5,2.8,492796.4333333333,2023,11,2023_11,31.0,29.0
2023-12,47332120.333333336,55090301.56680568,179195.0,388813.0,0.0833333333333333,1599285.8333333333,367835.5833333333,61.91666666666666,3.583333333333333,464780.5,2023,12,2023_12,43.0,19.0
2024-01,49398605.92307692,56966756.72324802,179195.0,388813.0,0.0,1072343.6153846155,246639.0769230769,30.07692307692308,2.923076923076923,356953.48076923075,2024,1,2024_01,38.0,24.0
2024-02,49993918.38461538,56087174.78477223,179195.0,388813.0,0.0,1588241.2307692308,365295.6923076923,42.76923076923077,4.615384615384615,321513.4898190045,2024,2,2024_02,51.0,7.0
2024-03,50165368.9,57630054.20018536,179195.0,388813.0,0.0,1143961.2,263111.1,74.5,3.0,395807.175,2024,3,2024_03,30.0,32.0
2024-04,51199379.6,57328128.92017301,179195.0,388813.0,0.0,1150732.8,264668.4666666667,75.13333333333334,2.8666666666666667,419888.5333333333,2024,4,2024_04,49.0,11.0
2024-05,52465209.85714286,57019884.28589082,179195.0,388813.0,0.0,1039000.0,238969.9523809524,75.04761904761905,2.333333333333333,469250.9206349207,2024,5,2024_05,49.0,13.0
2024-06,53966008.38888889,57630054.20018536,179195.0,388813.0,0.0,1197022.8333333333,275315.22222222225,62.22222222222222,2.333333333333333,524975.7407407408,2024,6,2024_06,48.0,12.0
2024-07,55124043.09090909,56755241.60923414,179195.0,388813.0,0.0909090909090909,1997651.7272727275,459459.8636363637,61.5,2.6818181818181817,752769.8484848485,2024,7,2024_07,60.0,2.0
2024-08,54327189.8,56364425.09612604,179195.0,388813.0,0.08,2085916.48,475001.92,113.4,2.48,848122.23,2024,8,2024_08,60.0,2.0
2024-09,57689153.63157895,57630054.20018536,179195.0,388813.0,0.0,2160429.210526316,466867.0,62.526315789473685,2.8421052631578947,783231.0570175439,2024,9,2024_09,54.0,6.0
2024-10,60519104.35714286,58297830.371574216,179195.0,388813.0,0.0,1499784.642857143,283285.71428571426,22.214285714285715,3.0,503825.1398809524,2024,10,2024_10,45.0,17.0
2024-11,58770793.571428575,57167182.88587316,179195.0,388813.0,0.0,1954611.0,392735.1428571429,94.14285714285714,3.857142857142857,508113.0,2024,11,2024_11,32.0,28.0
2024-12,62810320.6,58623903.36014829,179195.0,388813.0,0.0,2375001.2,427500.2,30.8,3.6,632664.0666666667,2024,12,2024_12,17.0,45.0
2025-01,64505574.0,59273592.15013902,179195.0,388813.0,0.0,1664686.75,299643.75,8.0,2.75,641025.5833333334,2025,1,2025_01,13.0,49.0
2025-02,66502442.0,60618287.13345691,179195.0,388813.0,0.0,1000566.0,183844.0,0.3333333333333333,2.333333333333333,469854.0,2025,2,2025_02,12.0,44.0
2025-03,67446532.75,58795892.55016219,179195.0,388813.0,0.0,2104405.25,420881.0,5.25,4.25,497612.4553571429,2025,3,2025_03,28.0,34.0
2025-04,68443848.85714285,57630054.20018536,179195.0,388813.0,0.0,1204453.857142857,240890.7142857143,6.571428571428571,3.0,445317.1292517007,2025,4,2025_04,35.0,25.0
2025-05,69876236.45454545,57630054.200185366,179195.0,388813.0,0.0,1514852.818181818,272673.54545454547,4.545454545454546,2.636363636363636,565170.4545454546,2025,5,2025_05,44.0,18.0
2025-06,70108349.83333333,61891197.88345691,179195.0,388813.0,0.1666666666666666,1642285.25,295611.3333333333,24.166666666666668,2.6666666666666665,623596.2777777778,2025,6,2025_06,48.0,12.0
2025-07,70418532.72727273,63335489.65464656,179195.0,388813.0,0.7272727272727273,4580509.090909091,824491.6363636364,57.63636363636363,3.909090909090909,1186047.2727272727,2025,7,2025_07,39.0,23.0
2025-08,70648579.16666667,60576597.10014418,179195.0,388813.0,0.1666666666666666,3197043.888888889,575467.8888888889,80.72222222222223,2.4444444444444446,1300669.4444444445,2025,8,2025_08,60.0,2.0
2025-09,75182256.75,57630054.20018536,179195.0,388813.0,0.0,3969189.75,714454.25,9.75,3.75,1070777.4375,2025,9,2025_09,23.0,37.0
2025-10,76201334.125,57630054.20018536,179195.0,388813.0,0.125,2328819.625,419187.625,17.875,3.875,590211.5520833334,2025,10,2025_10,41.0,21.0
2025-11,78079425.18181819,57630054.200185366,179195.0,388813.0,0.0,798414.5454545454,143714.72727272726,2.4545454545454546,1.9090909090909087,437026.9090909091,2025,11,2025_11,22.0,38.0
2025-12,79410504.27272727,59582619.45471396,179195.0,388813.0,0.0909090909090909,1714599.818181818,308627.8181818182,6.909090909090909,3.090909090909091,579649.8701298701,2025,12,2025_12,32.0,30.0
2026-01,80691001.33333333,59967233.51127587,179195.0,388813.0,0.1111111111111111,571356.0,112631.33333333331,10.333333333333334,1.5555555555555556,366516.0,2026,1,2026_01,22.0,40.0
2026-02,77969313.0,57630054.20018536,179195.0,388813.0,0.0,6599880.0,1187978.0,87.0,14.0,471420.0,2026,2,2026_02,15.0,41.0
2026-03,80627486.0,57630054.20018536,179195.0,388813.0,0.0,952560.0,171461.0,66.0,2.0,476280.0,2026,3,2026_03,2.0,60.0
2026-04,79658606.25,63110943.15013902,179195.0,388813.0,0.25,3652568.75,657462.5,120.25,7.5,486124.8538961039,2026,4,2026_04,35.0,25.0
2026-05,79087017.0,57630054.20018536,179195.0,388813.0,0.0,2523622.5,454252.0,168.5,4.5,558967.5,2026,5,2026_05,13.0,49.0
2026-06,80705333.0,57630054.20018536,179195.0,388813.0,0.0,1229681.5,221343.0,152.0,2.0,614840.75,2026,6,2026_06,4.0,56.0
2026-07,80035918.0,68832985.10009268,179195.0,388813.0,0.25,8581464.0,1544663.5,192.0,8.0,1085076.0,2026,7,2026_07,32.0,30.0
2026-08,79975521.6,75436190.84003708,179195.0,388813.0,0.0,4651200.0,837216.0,235.0,3.8,1224000.0,2026,8,2026_08,19.0,43.0
2023-04,41258858.0,51081573.92011122,193394.0,416397.0,0.0,1682829.918,0.0,1.2,3.6,468590.6295,2023,4,2023_04,11.0,139.0
2023-05,42096650.02380952,53582129.10013682,193394.0,416397.0,0.0,983475.261904762,173110.92857142858,1.0714285714285714,2.523809523809524,386160.0654761905,2023,5,2023_05,126.0,29.0
2023-06,43101195.780487806,52973954.86841928,193394.0,416397.0,0.0,907219.048780488,163299.46341463414,1.4146341463414631,2.1219512195121952,421142.68699186994,2023,6,2023_06,113.0,37.0
2023-07,44190040.95348837,56346049.832726255,193394.0,416397.0,0.0232558139534883,1370540.1860465116,246697.27906976745,4.093023255813954,2.3255813953488373,584203.1414728682,2023,7,2023_07,131.0,24.0
2023-08,44648564.875,51144413.76438171,193394.0,416397.0,0.0714285714285714,2012417.9732142857,339301.3571428572,19.910714285714285,2.3035714285714284,845928.2636904762,2023,8,2023_08,144.0,11.0
2023-09,46433948.780487806,56254623.663577385,193394.0,416397.0,0.0,1976036.756097561,355686.65853658534,0.8292682926829268,3.097560975609756,645903.7010743322,2023,9,2023_09,132.0,18.0
2023-10,47159285.44,55053793.35214087,193394.0,416397.0,0.0,1249309.4,224875.68,9.24,2.68,465032.08,2023,10,2023_10,90.0,65.0
2023-11,48396888.63636363,56750117.27289578,193394.0,416397.0,0.0,884434.5454545454,159198.36363636365,1.3636363636363635,2.5454545454545454,348971.3333333333,2023,11,2023_11,62.0,88.0
2023-12,49338371.5,55142052.44012975,193394.0,416397.0,0.0333333333333333,900613.2666666667,162110.43333333332,2.066666666666667,1.8666666666666667,493956.68809523806,2023,12,2023_12,84.0,71.0
2024-01,50300426.294117644,56733171.47075179,193394.0,416397.0,0.0,786738.9411764706,141613.0,1.4705882352941178,2.0588235294117645,384165.6470588236,2024,1,2024_01,55.0,100.0
2024-02,51624000.86363637,56823570.76379645,193394.0,416397.0,0.0,663249.5,119384.95454545454,2.0454545454545454,2.0,323236.9318181818,2024,2,2024_02,88.0,57.0
2024-03,52665056.05714285,56890885.88587317,193394.0,416397.0,0.0,785456.6,141382.2,1.2285714285714286,2.085714285714286,361963.6457142857,2024,3,2024_03,96.0,59.0
2024-04,53939820.58064516,57391014.38081856,193394.0,416397.0,0.0,1189272.1935483871,214069.09677419355,0.9032258064516128,2.806451612903226,426293.2853302612,2024,4,2024_04,117.0,33.0
2024-05,55099516.17142857,57254115.08587317,193394.0,416397.0,0.0,1175919.7714285713,211665.5428571429,0.9142857142857144,2.3714285714285714,490141.0341496599,2024,5,2024_05,134.0,21.0
2024-06,56375338.676470585,57630054.20018536,193394.0,416397.0,0.0,1126848.9117647058,202832.85294117648,1.2352941176470589,2.176470588235294,511518.1274509804,2024,6,2024_06,113.0,37.0
2024-07,57665810.05263158,57607464.38961515,193394.0,416397.0,0.0,1943861.7631578948,349895.05263157893,3.1578947368421053,2.9473684210526314,649599.4093757119,2024,7,2024_07,140.0,15.0
2024-08,57880304.538461536,57389418.94243245,193394.0,416397.0,0.0384615384615384,2535869.1923076925,456456.4230769231,29.01923076923077,2.4615384615384617,1017777.9326923076,2024,8,2024_08,149.0,6.0
2024-09,60122850.09090909,58004081.50469711,193394.0,416397.0,0.0,1599833.6136363635,287970.0681818182,4.75,2.4318181818181817,662553.3204545454,2024,9,2024_09,141.0,9.0
2024-10,61349590.78571428,58315412.900150046,193394.0,416397.0,0.0,1239174.880952381,223051.54761904763,2.4761904761904763,2.5476190476190474,476327.34217687073,2024,10,2024_10,128.0,27.0
2024-11,62571643.25714286,57911443.9887462,193394.0,416397.0,0.0,768529.1142857143,138335.2857142857,0.6857142857142857,1.8571428571428568,411800.8904761905,2024,11,2024_11,85.0,65.0
2024-12,62153268.64285714,57630054.20018536,193394.0,416397.0,0.0,2415022.5,434704.0,43.285714285714285,3.857142857142857,557691.7014896867,2024,12,2024_12,53.0,102.0
2025-01,64793209.538461536,59531799.26167392,193394.0,416397.0,0.0,579045.1538461539,104228.1153846154,1.1538461538461535,1.5769230769230769,366921.5164835165,2025,1,2025_01,67.0,88.0
2025-02,66015909.47058824,58098540.71782152,193394.0,416397.0,0.0,768409.5882352941,138313.82352941178,3.0588235294117645,2.0,380841.3529411765,2025,2,2025_02,51.0,89.0
2025-03,67330728.8235294,57630054.20018536,193394.0,416397.0,0.0,786352.8235294118,141543.4705882353,0.8823529411764706,2.3529411764705883,328282.85294117645,2025,3,2025_03,90.0,65.0
2025-04,68902551.88461539,58915966.10016397,193394.0,416397.0,0.1153846153846153,1061396.6153846155,191051.34615384616,1.1538461538461535,2.576923076923077,415217.34606227104,2025,4,2025_04,94.0,56.0
2025-05,69959852.94,59858398.44415199,193394.0,416397.0,0.02,1005790.16,181042.2,0.94,2.08,477598.8033333333,2025,5,2025_05,119.0,36.0
2025-06,71379784.13157895,60199556.11067753,193394.0,416397.0,0.0,1077214.7368421052,193898.7105263158,1.6842105263157894,2.289473684210526,465992.36271929817,2025,6,2025_06,131.0,19.0
2025-07,71848053.94117647,60970420.67660688,193394.0,416397.0,0.0294117647058823,2161614.117647059,389090.5294117647,24.323529411764707,2.617647058823529,787773.0095588235,2025,7,2025_07,135.0,20.0
2025-08,71686010.82978724,61453372.71502376,193394.0,416397.0,0.0638297872340425,2917383.787234043,522543.4468085106,58.51063829787234,3.1702127659574466,950628.6914893616,2025,8,2025_08,151.0,4.0
2025-09,75299422.08,59753639.97616312,193394.0,416397.0,0.0,2155495.76,387989.2,5.64,3.48,602515.7066666667,2025,9,2025_09,148.0,2.0
2025-10,77003996.08,59188181.46417053,193394.0,416397.0,0.0,1027219.36,184899.36,0.96,2.16,462571.9066666666,2025,10,2025_10,114.0,41.0
2025-11,78128316.9090909,61332168.3456062,193394.0,416397.0,0.0,745761.0,134236.9090909091,1.181818181818182,1.818181818181818,400978.0454545455,2025,11,2025_11,91.0,59.0
2025-12,78792418.25,64711922.71679024,193394.0,416397.0,0.0,1837485.0,330747.25,29.25,2.4166666666666665,768852.25,2025,12,2025_12,88.0,67.0
2026-01,80694306.5,69225663.10009268,193394.0,416397.0,0.0,1487160.0,267688.875,0.625,4.25,363965.4,2026,1,2026_01,37.0,118.0
2023-04,41258854.0,57630054.20018536,193394.0,416398.0,0.0,1598940.0,0.0,2.0,3.0,532980.0,2023,4,2023_04,3.0,87.0
2023-05,41965266.94736842,55987531.12648163,193394.0,416398.0,0.0,1093354.1263157893,183208.0,3.3157894736842106,2.526315789473684,425355.5984962406,2023,5,2023_05,69.0,24.0
2023-06,43185998.833333336,54426456.4334775,193394.0,416398.0,0.0,1268008.0,228241.5,1.5555555555555556,2.4444444444444446,509058.8571428572,2023,6,2023_06,72.0,18.0
2023-07,44148340.266666666,55835736.773493975,193394.0,416398.0,0.0,1783033.1333333333,320946.06666666665,3.2666666666666666,2.7333333333333334,642867.8444444444,2023,7,2023_07,74.0,19.0
2023-08,45224594.190476194,54668772.00966504,193394.0,416398.0,0.0,2858446.095238095,514520.28571428574,4.476190476190476,2.619047619047619,1098228.2936507936,2023,8,2023_08,83.0,10.0
2023-09,46529363.89473684,57034874.347544014,193394.0,416398.0,0.0,1751967.5263157894,315354.15789473685,1.105263157894737,2.526315789473684,700301.4122807018,2023,9,2023_09,67.0,23.0
2023-10,47265507.16666666,55923109.8334878,193394.0,416398.0,0.0,1602258.1666666667,288406.3333333333,5.833333333333333,2.6666666666666665,602010.8055555556,2023,10,2023_10,33.0,60.0
2023-11,48501461.75,53044076.10009268,193394.0,416398.0,0.0,5206862.5,937235.25,1.5,11.25,358739.06944444444,2023,11,2023_11,24.0,66.0
2023-12,49326327.66666666,56729685.06683143,193394.0,416398.0,0.1111111111111111,913863.0,164495.33333333334,1.2222222222222223,1.7777777777777777,573042.75,2023,12,2023_12,67.0,26.0
2024-01,50205383.66666666,57630054.20018536,193394.0,416398.0,0.0,1155937.3333333333,208068.66666666663,0.3333333333333333,2.333333333333333,480937.3333333333,2024,1,2024_01,42.0,51.0
2024-02,51642114.625,56876441.42516219,193394.0,416398.0,0.0,1191155.625,214408.0,1.875,3.125,378363.65625,2024,2,2024_02,30.0,57.0
2024-03,52905591.0,57630054.20018536,193394.0,416398.0,0.0,1043465.1428571428,187824.0,0.8571428571428571,2.142857142857143,458844.7380952381,2024,3,2024_03,27.0,66.0
2024-04,53922383.333333336,57323916.18350325,193394.0,416398.0,0.0833333333333333,1188018.0,213843.3333333333,0.75,2.5,489404.25,2024,4,2024_04,55.0,35.0
2024-05,55206057.45,57259869.97015755,193394.0,416398.0,0.0,1451894.95,261341.1,0.7,2.7,541691.8571428572,2024,5,2024_05,81.0,12.0
2024-06,56406844.64705882,57511080.2942812,193394.0,416398.0,0.0,1591033.5294117648,286386.17647058825,1.7647058823529411,2.7058823529411766,597732.4019607843,2024,6,2024_06,68.0,22.0
2024-07,57694877.51851852,57601528.05941716,193394.0,416398.0,0.0,2028294.5925925928,365092.9259259259,1.962962962962963,2.6296296296296298,746229.6084656084,2024,7,2024_07,78.0,15.0
2024-08,57866668.4117647,57726050.10598048,193394.0,416398.0,0.1764705882352941,2676424.117647059,481756.20588235295,27.38235294117647,2.5294117647058822,1051102.4705882352,2024,8,2024_08,93.0,0.0
2024-09,60187864.36666667,58271613.97346308,193394.0,416398.0,0.0,1650488.566666667,297087.93333333335,5.6,2.2,741320.9944444444,2024,9,2024_09,82.0,8.0
2024-10,61412976.47058824,58366459.92956442,193394.0,416398.0,0.0,1332567.1176470588,239862.11764705885,1.2941176470588236,2.4705882352941178,545584.4033613445,2024,10,2024_10,61.0,32.0
2024-11,62457591.0,57630054.20018536,193394.0,416398.0,0.0,1409605.0,253728.8,1.0,3.0,479771.4571428572,2024,11,2024_11,28.0,62.0
2024-12,62840020.16666666,58548292.00015447,193394.0,416398.0,0.0,2008977.0,361615.8333333333,29.0,3.0,657235.5,2024,12,2024_12,23.0,70.0
2025-01,65211047.0,57630054.20018536,193394.0,416398.0,0.0,833490.0,150028.0,0.5,2.0,439830.0,2025,1,2025_01,24.0,69.0
2025-02,66498514.0,57630054.20018536,193394.0,416398.0,0.0,780346.0,140462.0,0.0,2.0,390173.0,2025,2,2025_02,2.0,82.0
2025-03,67286989.5,57630054.20018536,193394.0,416398.0,0.0,1435591.25,258406.75,3.25,3.75,418035.3857142857,2025,3,2025_03,58.0,35.0
2025-04,68736327.1764706,58295062.18840975,193394.0,416398.0,0.0,786510.4117647059,141571.82352941178,2.764705882352941,1.7058823529411764,469819.9019607843,2025,4,2025_04,48.0,42.0
2025-05,69855053.8,58800190.880166814,193394.0,416398.0,0.1,1389491.9,250108.7,1.2,2.4,567781.25,2025,5,2025_05,48.0,45.0
2025-06,71425625.83333333,60001595.50015447,193394.0,416398.0,0.0,837405.0,150733.0,0.6666666666666666,1.5,577570.5,2025,6,2025_06,70.0,20.0
2025-07,72201024.73913044,60078128.5131966,193394.0,416398.0,0.0434782608695652,2687037.8260869565,483666.8260869565,20.043478260869566,3.0869565217391304,858829.7267080744,2025,7,2025_07,86.0,7.0
2025-08,72302184.3076923,62008167.79243601,193394.0,416398.0,0.0,3107371.153846154,559326.8461538461,44.23076923076923,3.0384615384615383,1044342.6923076924,2025,8,2025_08,89.0,4.0
2025-09,75603730.29411764,59749785.00016356,193394.0,416398.0,0.0,1670216.6470588236,300639.0588235294,0.7647058823529411,2.5294117647058822,657540.3795518207,2025,9,2025_09,88.0,2.0
2025-10,76753848.0,67368349.60009268,193394.0,416398.0,0.0,1288296.0,231893.5,0.5,2.0,644148.0,2025,10,2025_10,72.0,21.0
2025-11,78212466.5,67921260.10009268,193394.0,416398.0,0.0,1951776.0,351320.0,11.0,4.0,487944.0,2025,11,2025_11,27.0,63.0
2025-12,78156961.875,65555047.87511585,193394.0,416398.0,0.0,2334622.5,420232.0,41.375,3.625,570456.9642857143,2025,12,2025_12,54.0,39.0
2026-01,81378337.0,73462242.06672846,193394.0,416398.0,0.0,494910.0,89084.0,0.0,1.0,494910.0,2026,1,2026_01,8.0,85.0
2023-04,41258857.0,57630054.20018536,193394.0,416400.0,1.0,1426142.7,0.0,1.0,3.0,475380.9,2023,4,2023_04,2.0,88.0
2023-05,41998717.45454545,55494091.7183419,193394.0,416400.0,0.0,927128.5454545454,166883.0909090909,1.2727272727272727,2.3181818181818183,398589.2083333334,2023,5,2023_05,69.0,24.0
2023-06,42976481.25806452,54258142.12272415,193394.0,416400.0,0.0,1022268.2258064516,167564.29032258064,5.548387096774194,2.225806451612903,457273.4,2023,6,2023_06,77.0,13.0
2023-07,44024188.65,54783438.36014829,193394.0,416400.0,0.05,1486479.8,265848.0,9.1,2.55,582288.575,2023,7,2023_07,81.0,12.0
2023-08,44799889.22580645,54137201.37433107,193394.0,416400.0,0.0,2226537.0322580645,388650.2258064517,15.258064516129032,2.5161290322580645,865762.376344086,2023,8,2023_08,79.0,14.0
2023-09,46409152.27272727,57141648.73654056,193394.0,416400.0,0.0,1833800.3636363635,330083.95454545453,2.727272727272727,2.772727272727273,673459.5677489177,2023,9,2023_09,75.0,15.0
2023-10,47362517.692307696,56045729.70784915,193394.0,416400.0,0.0,1184617.5384615385,213231.15384615384,1.0769230769230769,2.3076923076923075,489771.867948718,2023,10,2023_10,45.0,48.0
2023-11,48670838.4,57630054.20018536,193394.0,416400.0,0.0,638774.2,114979.4,1.2,1.8,364953.63333333336,2023,11,2023_11,27.0,63.0
2023-12,49357034.615384616,56992756.18478648,193394.0,416400.0,0.0,965368.0769230768,173766.3076923077,1.0,1.9230769230769231,479063.4358974359,2023,12,2023_12,48.0,45.0
2024-01,50163750.0,57630054.20018536,193394.0,416400.0,0.0,669384.0,120489.33333333331,0.6666666666666666,2.0,346356.0,2024,1,2024_01,21.0,72.0
2024-02,51716430.5,56102318.15013902,193394.0,416400.0,0.0,841468.5,151464.5,1.25,2.75,314543.25,2024,2,2024_02,53.0,34.0
2024-03,52672424.41666666,57630054.20018536,193394.0,416400.0,0.0,1054933.0,189888.0,0.8333333333333334,3.0,352088.7047619047,2024,3,2024_03,59.0,34.0
2024-04,54005183.25,56371815.83012048,193394.0,416400.0,0.0,1107923.2,199426.35,1.0,2.45,443602.7083333333,2024,4,2024_04,75.0,15.0
2024-05,55103805.04,57011281.71214087,193394.0,416400.0,0.0,1102228.0,198401.08,1.12,2.32,475530.74571428576,2024,5,2024_05,79.0,14.0
2024-06,56364251.4375,57322114.40013902,193394.0,416400.0,0.0,1576628.4375,283793.0,1.125,3.0,519068.3958333333,2024,6,2024_06,68.0,22.0
2024-07,57577838.583333336,57520952.05016219,193394.0,416400.0,0.0,2293601.0,417862.125,6.25,3.0416666666666665,787161.0577380952,2024,7,2024_07,81.0,12.0
2024-08,57647459.28571428,57430024.07156097,193394.0,416400.0,0.0357142857142857,2909773.1071428573,523759.1428571429,35.42857142857143,2.892857142857143,990790.5357142856,2024,8,2024_08,91.0,2.0
2024-09,60137019.72413793,57980306.16567064,193394.0,416400.0,0.0,1684983.5172413792,303297.0,5.172413793103448,2.6206896551724137,647430.0032840723,2024,9,2024_09,86.0,4.0
2024-10,61438648.77272727,57971955.5910776,193394.0,416400.0,0.0,1213728.7727272727,218471.13636363635,1.1363636363636365,2.4545454545454546,499310.2045454545,2024,10,2024_10,75.0,18.0
2024-11,62507552.125,59487940.25011585,193394.0,416400.0,0.0,709887.0,127780.0,6.125,1.625,418008.0416666666,2024,11,2024_11,38.0,52.0
2024-12,62951820.71428572,58463683.314444594,193394.0,416400.0,0.1428571428571428,2335091.714285714,420316.7142857143,22.571428571428573,3.7142857142857135,600518.8154761904,2024,12,2024_12,31.0,62.0
2025-01,64871613.625,58611735.05016219,193394.0,416400.0,0.0,437157.5,78688.375,0.375,1.25,350563.4375,2025,1,2025_01,17.0,76.0
2025-02,66092527.42857143,58837287.60015888,193394.0,416400.0,0.1428571428571428,1220916.142857143,219765.0,1.2857142857142858,3.4285714285714284,351039.3571428572,2025,2,2025_02,25.0,59.0
2025-03,67083435.66666666,57630054.20018536,193394.0,416400.0,0.0,731005.5,131580.83333333334,2.1666666666666665,2.1666666666666665,336674.5,2025,3,2025_03,23.0,70.0
2025-04,68639082.41666667,61763231.20844919,193394.0,416400.0,0.0833333333333333,638615.9166666666,114950.83333333331,0.75,1.5833333333333333,413238.6111111111,2025,4,2025_04,58.0,32.0
2025-05,69822736.38461539,59475957.97707992,193394.0,416400.0,0.0384615384615384,844249.1538461539,151964.92307692306,0.6923076923076923,1.7307692307692308,473090.3653846154,2025,5,2025_05,64.0,29.0
2025-06,71329458.75,58762110.60016992,193394.0,416400.0,0.0,1065828.5416666667,191849.29166666663,2.708333333333333,2.083333333333333,497361.4642857143,2025,6,2025_06,79.0,11.0
2025-07,71831594.14814815,62886634.82233206,193394.0,416400.0,0.0,2088292.7777777775,375892.7037037037,24.37037037037037,2.6296296296296298,772909.3444444445,2025,7,2025_07,82.0,11.0
2025-08,72406437.625,63778336.58135426,193394.0,416400.0,0.0,2235497.4375,402389.59375,42.15625,2.25,1014423.5286458334,2025,8,2025_08,88.0,5.0
2025-09,75383529.04166667,59945763.46682885,193394.0,416400.0,0.0,1807395.9583333333,325331.25,5.458333333333333,2.9166666666666665,626495.9118055556,2025,9,2025_09,86.0,4.0
2025-10,76869725.54545455,59389457.72744124,193394.0,416400.0,0.0,917778.2272727272,165200.13636363635,1.681818181818182,1.8636363636363635,499718.1212121212,2025,10,2025_10,66.0,27.0
2025-11,78002599.33333333,64433831.80012357,193394.0,416400.0,0.0,1106762.8333333333,199217.16666666663,7.166666666666667,2.6666666666666665,405167.2166666666,2025,11,2025_11,57.0,33.0
2025-12,79028375.33333333,64636527.80012357,193394.0,416400.0,0.0,1260420.0,226875.66666666663,20.666666666666668,2.0,549645.0,2025,12,2025_12,59.0,34.0
2026-01,80841988.25,69503941.10009268,193394.0,416400.0,0.0,886275.0,159529.5,8.25,1.5,521775.0,2026,1,2026_01,20.0,73.0
2023-05,42400782.0,57630054.20018536,194837.0,419104.0,0.0,727400.0,109110.0,0.0,1.5,471200.0,2023,5,2023_05,5.0,57.0
2023-06,43047937.71428572,57630054.20018536,194837.0,419104.0,0.0,791428.5714285715,118714.28571428572,1.2857142857142858,1.7142857142857142,490285.7142857143,2023,6,2023_06,37.0,23.0
2023-07,43938975.333333336,52754195.80012357,194837.0,419104.0,0.0,1880000.0,282000.0,9.333333333333334,3.333333333333333,561333.3333333334,2023,7,2023_07,41.0,21.0
2023-08,44989258.0,55989686.84460921,194837.0,419104.0,0.8888888888888888,3589866.6666666665,538480.0,16.333333333333332,2.4444444444444446,1342155.5555555555,2023,8,2023_08,50.0,12.0
2023-09,45770705.125,53041977.37511585,194837.0,419104.0,0.125,2104750.0,315712.5,25.75,2.25,975291.6666666666,2023,9,2023_09,45.0,15.0
2023-10,47336711.4,57630054.20018536,194837.0,419104.0,0.0,1097400.0,164610.0,1.3,2.1,524566.6666666667,2023,10,2023_10,34.0,28.0
2023-11,47575569.833333336,55634352.00015447,194837.0,419104.0,0.0,3247000.0,487050.0,31.5,2.6666666666666665,936000.0,2023,11,2023_11,22.0,38.0
2023-12,48745543.27272727,53584066.47282838,194837.0,419104.0,0.0,1627327.2727272727,244099.0909090909,19.181818181818183,2.090909090909091,787300.0,2023,12,2023_12,34.0,28.0
2024-01,50156892.71428572,55277400.14298954,194837.0,419104.0,0.0,1039651.4285714284,155947.7142857143,13.428571428571429,3.0,398135.0,2024,1,2024_01,26.0,36.0
2024-02,51441872.85714286,55930747.28584669,194837.0,419104.0,0.0,1330990.7142857143,199648.57142857145,2.7142857142857144,2.4285714285714284,608371.0714285715,2024,2,2024_02,39.0,19.0
2024-03,51072879.25,57630054.20018536,194837.0,419104.0,0.0,2299590.0,344938.5,42.25,5.0,453690.0,2024,3,2024_03,32.0,30.0
2024-04,53557651.71428572,56330816.78584669,194837.0,419104.0,0.0,1462503.2142857143,219375.42857142855,14.142857142857142,2.4285714285714284,615618.4821428572,2024,4,2024_04,45.0,15.0
2024-05,53796771.88888889,57002249.06683143,194837.0,419104.0,0.2222222222222222,1450726.5,217608.94444444444,33.611111111111114,2.1666666666666665,594745.5,2024,5,2024_05,49.0,13.0
2024-06,55627156.53333333,57255497.50682731,194837.0,419104.0,0.0,1512234.0,226835.06666666668,18.0,2.7333333333333334,545388.0,2024,6,2024_06,49.0,11.0
2024-07,57401149.75,57524063.00015447,194837.0,419104.0,0.0833333333333333,3213187.5,481978.0,14.416666666666666,2.4166666666666665,1062356.25,2024,7,2024_07,61.0,1.0
2024-08,58088939.47368421,57705661.189600505,194837.0,419104.0,0.1578947368421052,3560092.1052631577,534013.7894736842,25.789473684210527,2.421052631578948,1616103.9473684211,2024,8,2024_08,59.0,3.0
2024-09,59924698.23529412,58218120.38837703,194837.0,419104.0,0.0,1498881.1764705882,224832.0588235294,10.058823529411764,2.411764705882353,638804.1176470588,2024,9,2024_09,58.0,2.0
2024-10,59620351.42857143,58063779.27154773,194837.0,419104.0,0.7142857142857143,2266376.785714286,339956.5714285714,47.71428571428572,1.7142857142857142,1328383.9285714286,2024,10,2024_10,30.0,32.0
2024-11,61212284.571428575,58233191.60015888,194837.0,419104.0,0.1428571428571428,1351109.0,202666.42857142855,37.285714285714285,2.2857142857142856,632233.9523809524,2024,11,2024_11,15.0,45.0
2024-12,63648351.4,58834442.160148285,194837.0,419104.0,0.0,1553175.0,232976.2,11.2,2.2,845505.0,2024,12,2024_12,12.0,50.0
2025-01,64466531.2,61053272.10009267,194837.0,419104.0,0.6,1443420.0,216513.0,14.3,1.6,845640.0,2025,1,2025_01,14.0,48.0
2025-02,65916114.8,60877270.52011122,194837.0,419104.0,0.0,605880.0,90881.6,0.8,1.8,353430.0,2025,2,2025_02,12.0,44.0
2025-03,66935795.5,62147006.85009268,194837.0,419104.0,0.0,560925.0,84138.75,11.25,2.75,217350.0,2025,3,2025_03,19.0,43.0
2025-04,68080648.9090909,61134967.49102705,194837.0,419104.0,0.1818181818181818,520942.5454545455,78141.36363636363,19.545454545454547,2.1818181818181817,273381.1818181818,2025,4,2025_04,31.0,29.0
2025-05,69376428.66666667,59840954.36014829,194837.0,419104.0,0.0666666666666666,1029459.0,154418.93333333332,15.933333333333334,2.2666666666666666,454636.5,2025,5,2025_05,55.0,7.0
2025-06,69820378.0,58854307.44016064,194837.0,419104.0,0.0,1249426.8,187414.13333333333,34.46666666666667,2.533333333333333,487364.4,2025,6,2025_06,47.0,13.0
2025-07,71256262.3,63861171.60009267,194837.0,419104.0,0.3,1443307.5,216496.2,34.2,3.0,457537.5,2025,7,2025_07,33.0,29.0
2025-08,73010287.58823529,66280984.317723386,194837.0,419104.0,0.1176470588235294,2301016.7647058824,345152.5294117647,28.352941176470587,2.294117647058824,966922.9411764706,2025,8,2025_08,51.0,11.0
2025-09,74659344.25,60846562.61014829,194837.0,419104.0,0.1,1354040.0,203106.0,21.45,2.25,634666.2583333333,2025,9,2025_09,49.0,11.0
2025-10,75588630.3,66567965.50009267,194837.0,419104.0,0.0,1191773.2,178765.9,31.4,2.7,435557.2428571429,2025,10,2025_10,36.0,26.0
2025-11,76401663.44444445,66192586.55565853,194837.0,419104.0,0.0,813675.0,122051.22222222222,44.333333333333336,2.2222222222222223,355375.0,2025,11,2025_11,21.0,39.0
2025-12,79555401.66666667,68757373.76675935,194837.0,419104.0,0.0,567450.0,85117.5,8.666666666666666,2.333333333333333,299362.5,2025,12,2025_12,22.0,40.0
2026-01,80441978.0,71377371.08007415,194837.0,419104.0,0.0,287793.0,43168.8,5.0,2.4,150093.0,2026,1,2026_01,15.0,47.0
2026-02,80851063.5,68976104.60009268,194837.0,419104.0,1.5,315900.0,47385.0,26.0,2.0,157950.0,2026,2,2026_02,4.0,52.0
2026-03,77476037.0,77476036.0,194837.0,419104.0,0.0,0.0,0.0,132.0,4.0,0.0,2026,3,2026_03,4.0,58.0
2026-04,79895660.66666667,79895659.66666667,194837.0,419104.0,0.6666666666666666,0.0,0.0,114.33333333333331,3.6666666666666665,0.0,2026,4,2026_04,12.0,48.0
2023-05,42230681.11111111,54221640.04458861,194837.0,419105.0,0.0,730466.6666666666,57150.0,3.7777777777777777,2.0,363933.3333333333,2023,5,2023_05,51.0,42.0
2023-06,43229888.0,55193359.3334878,194837.0,419105.0,0.0,724200.0,108630.0,1.75,1.75,405850.0,2023,6,2023_06,60.0,30.0
2023-07,43765765.66666666,56331431.85016992,194837.0,419105.0,0.0,1955093.3333333333,277064.0,12.416666666666666,3.333333333333333,578135.5714285715,2023,7,2023_07,68.0,25.0
2023-08,45144855.5,53959688.57156097,194837.0,419105.0,0.2857142857142857,2233785.714285714,335067.8571428572,6.428571428571429,2.571428571428572,957928.5714285716,2023,8,2023_08,54.0,39.0
2023-09,46284005.14285714,55790226.957301736,194837.0,419105.0,0.0714285714285714,1333757.142857143,200063.57142857145,7.785714285714286,2.4285714285714284,603014.2857142857,2023,9,2023_09,68.0,22.0
2023-10,47261941.90909091,55752263.80015165,194837.0,419105.0,0.0,1382454.5454545454,207368.18181818185,3.5454545454545454,2.272727272727273,622977.2727272727,2023,10,2023_10,47.0,46.0
2023-11,47858603.8,53328953.320111215,194837.0,419105.0,0.0,862200.0,129330.0,19.2,3.0,314100.0,2023,11,2023_11,37.0,53.0
2023-12,48918379.36363637,55821419.52742438,194837.0,419105.0,0.0,1036690.9090909092,155503.63636363635,10.909090909090908,2.1818181818181817,413236.3636363637,2023,12,2023_12,44.0,49.0
2024-01,49694573.8,57630054.20018536,194837.0,419105.0,0.0,1409418.0,211412.8,21.8,3.2,433938.0,2024,1,2024_01,31.0,62.0
2024-02,51389038.8,55251024.52011122,194837.0,419105.0,0.0,750870.0,112630.4,3.0,2.4,304290.0,2024,2,2024_02,53.0,34.0
2024-03,51921439.66666666,56446415.00015447,194837.0,419105.0,0.0,1481017.5,222152.5,24.5,3.1666666666666665,591772.5,2024,3,2024_03,30.0,63.0
2024-04,53336473.46666667,56581883.82681496,194837.0,419105.0,0.0,1014730.2,152209.53333333333,14.933333333333334,3.066666666666667,334274.3571428572,2024,4,2024_04,49.0,41.0
2024-05,54335637.5,56284344.357275255,194837.0,419105.0,0.1428571428571428,677765.5714285715,101664.71428571428,22.428571428571427,2.142857142857143,354426.1071428572,2024,5,2024_05,66.0,27.0
2024-06,56297161.0,57102149.600134805,194837.0,419105.0,0.0,1043093.1818181818,156463.9090909091,4.227272727272728,2.4545454545454546,430953.50649350655,2024,6,2024_06,64.0,26.0
2024-07,57197606.38461538,57314013.6770514,194837.0,419105.0,0.0,1016840.7692307692,152526.15384615384,14.153846153846152,1.9230769230769231,598704.2307692308,2024,7,2024_07,85.0,8.0
2024-08,58238525.76923077,57570298.92321951,194837.0,419105.0,0.1538461538461538,3181430.769230769,477214.7692307693,20.923076923076923,3.0,1005957.6923076924,2024,8,2024_08,70.0,23.0
2024-09,60245160.333333336,59112706.97786016,194837.0,419105.0,0.0,1818270.0,272740.44444444444,3.333333333333333,2.555555555555556,708015.0,2024,9,2024_09,83.0,7.0
2024-10,59281259.5,59281257.5,194837.0,419105.0,0.8333333333333334,78975.0,11846.333333333334,55.16666666666666,1.5,78975.0,2024,10,2024_10,24.0,69.0
2024-11,62119762.42857143,60710260.3429101,194837.0,419105.0,0.1428571428571428,729000.0,109350.0,17.285714285714285,2.0,395742.8571428572,2024,11,2024_11,16.0,74.0
2024-12,63741263.14285714,60353332.11439163,194837.0,419105.0,0.0,1392042.857142857,208806.57142857145,7.0,2.142857142857143,678664.2857142857,2024,12,2024_12,18.0,75.0
2025-01,64500804.88888889,62173656.95561735,194837.0,419105.0,0.3333333333333333,405000.0,60750.0,7.333333333333333,1.6666666666666667,243000.0,2025,1,2025_01,21.0,72.0
2025-02,65824057.4,62505334.08007415,194837.0,419105.0,0.0,530145.0,79521.4,0.8,1.4,378675.0,2025,2,2025_02,24.0,60.0
2025-03,66588696.0,64367850.55004634,194837.0,419105.0,0.0,364500.0,54675.0,13.25,2.5,182250.0,2025,3,2025_03,36.0,57.0
2025-04,67801591.0,62396177.10009267,194837.0,419105.0,0.2,397102.5,59565.4,18.9,1.8,307597.5,2025,4,2025_04,42.0,48.0
2025-05,69911828.36363636,59810311.61833347,194837.0,419105.0,0.0,631932.9090909091,94790.09090909093,3.4545454545454546,2.090909090909091,381824.9545454545,2025,5,2025_05,66.0,27.0
2025-06,70358194.38095239,61239008.70488548,194837.0,419105.0,0.0,789038.5714285715,118355.80952380953,22.714285714285715,1.5714285714285714,513372.8571428572,2025,6,2025_06,53.0,37.0
2025-07,71269883.07142857,64382056.52866411,194837.0,419105.0,0.1428571428571428,1565035.7142857143,234755.5,36.92857142857143,2.7142857142857144,573480.0,2025,7,2025_07,42.0,51.0
2025-08,72845267.8888889,62290480.411234684,194837.0,419105.0,0.1111111111111111,2594025.0,389103.8333333333,31.83333333333333,2.555555555555556,941193.75,2025,8,2025_08,66.0,27.0
2025-09,74876631.0,62753879.82512744,194837.0,419105.0,0.0,1256525.25,188478.6875,18.3125,2.0625,605649.0625,2025,9,2025_09,57.0,33.0
2025-10,76135166.0,66610770.683426015,194837.0,419105.0,0.0,836662.5,125499.33333333331,19.0,1.9166666666666667,463725.0,2025,10,2025_10,33.0,60.0
2025-11,77194443.85714285,68639024.37150802,194837.0,419105.0,0.0,660439.2857142857,99065.85714285714,24.714285714285715,2.0,328339.28571428574,2025,11,2025_11,23.0,67.0
2025-12,79738164.42857143,67186015.54296306,194837.0,419105.0,0.0,420428.5714285714,63064.142857142855,2.0,1.8571428571428568,322071.4285714286,2025,12,2025_12,13.0,80.0
2026-01,80492649.75,74814200.30004634,194837.0,419105.0,0.0,266793.75,40019.0,5.75,2.75,88931.25,2026,1,2026_01,15.0,78.0
2026-02,80322157.0,80322155.0,194837.0,419105.0,3.0,0.0,0.0,46.0,2.0,0.0,2026,2,2026_02,2.0,82.0
2026-03,77476038.0,77476036.0,194837.0,419105.0,0.0,0.0,0.0,132.0,4.0,0.0,2026,3,2026_03,4.0,89.0
2026-04,79585515.25,79585512.25,194837.0,419105.0,0.5,210375.0,31556.25,122.5,3.25,105187.5,2026,4,2026_04,14.0,76.0
2023-06,42046583.0,57630054.20018536,194837.0,419106.0,0.0,17010000.0,0.0,25.0,7.0,2430000.0,2023,6,2023_06,7.0,23.0
2023-07,42046586.0,57630054.20018536,194837.0,419106.0,0.0,17568000.0,0.0,48.0,4.0,4392000.0,2023,7,2023_07,4.0,27.0
2025-03,66663959.5,57630054.20018536,194837.0,419106.0,0.0,6021000.0,903150.0,17.5,3.0,1977750.0,2025,3,2025_03,6.0,25.0
2025-04,67268565.75,57630054.20018536,194837.0,419106.0,0.5,5551875.0,832781.25,33.5,2.75,2084906.25,2025,4,2025_04,11.0,19.0
2025-05,69572421.0,57630054.20018536,194837.0,419106.0,0.0,7229250.0,1084388.0,17.0,3.0,2409750.0,2025,5,2025_05,3.0,28.0
2025-06,66811953.5,57630054.20018536,194837.0,419106.0,0.0,6771600.0,1015740.0,97.5,2.0,3531600.0,2025,6,2025_06,4.0,26.0
2025-07,69563978.5,60785408.40013902,194837.0,419106.0,0.0,11039625.0,1655943.75,67.75,2.75,3921750.0,2025,7,2025_07,11.0,20.0
2025-08,70884338.0,57630054.20018536,194837.0,419106.0,0.0,14598000.0,2189700.0,69.66666666666667,2.333333333333333,6279000.0,2025,8,2025_08,7.0,24.0
2025-09,71696573.0,57630054.20018536,194837.0,419106.0,0.0,6885000.0,1032750.0,95.0,2.0,3442500.0,2025,9,2025_09,2.0,28.0
2025-10,74822478.5,57630054.20018536,194837.0,419106.0,0.0,6598125.0,989718.5,53.0,2.5,2725312.5,2025,10,2025_10,5.0,26.0
2025-11,74366246.0,57630054.20018536,194837.0,419106.0,0.0,3645000.0,546750.0,100.0,2.0,1822500.0,2025,11,2025_11,2.0,28.0
2025-12,79917599.5,57630054.20018536,194837.0,419106.0,0.0,11188125.0,1678218.5,4.0,3.0,3571593.75,2025,12,2025_12,5.0,26.0
2026-01,80542249.0,57630054.20018536,194837.0,419106.0,0.0,6328500.0,949274.6666666666,7.666666666666667,2.6666666666666665,2484375.0,2026,1,2026_01,9.0,22.0
2026-02,80322155.0,57630054.20018536,194837.0,419106.0,3.0,4207500.0,631125.0,46.0,2.0,2103750.0,2026,2,2026_02,2.0,26.0
2026-03,77476036.0,57630054.20018536,194837.0,419106.0,0.0,8415000.0,1262250.0,132.0,4.0,2103750.0,2026,3,2026_03,4.0,27.0
2026-04,79895659.66666667,57630054.20018536,194837.0,419106.0,0.6666666666666666,8974980.0,1346247.0,114.33333333333331,3.6666666666666665,2572185.0,2026,4,2026_04,11.0,19.0
2023-05,42212984.66666666,54167056.60014417,194842.0,419126.0,0.0,1112000.0,75600.0,2.111111111111111,3.111111111111111,362000.0,2023,5,2023_05,55.0,38.0
2023-06,43146467.55555555,56010893.06683143,194842.0,419126.0,0.0,1388633.3333333333,208295.0,2.2222222222222223,3.4444444444444446,400508.3333333333,2023,6,2023_06,68.0,22.0
2023-07,43971693.1875,55040614.6626506,194842.0,419126.0,0.0,1277306.25,182483.4375,7.5,2.5625,530895.8333333334,2023,7,2023_07,65.0,28.0
2023-08,45121586.625,56880660.06267378,194842.0,419126.0,0.0,2748937.5,412340.625,6.875,2.8125,999150.0,2023,8,2023_08,78.0,15.0
2023-09,46202683.294117644,56246557.17663414,194842.0,419126.0,0.0,1546976.4705882352,232046.4705882353,7.9411764705882355,2.588235294117647,617726.4705882353,2023,9,2023_09,73.0,17.0
2023-10,47529349.8,56979988.98683967,194842.0,419126.0,0.0,1141060.0,171159.0,3.0,2.533333333333333,447180.0,2023,10,2023_10,71.0,22.0
2023-11,48337872.15384615,57630054.20018535,194842.0,419126.0,0.0,854307.6923076923,128146.15384615384,2.5384615384615383,2.3846153846153846,360230.76923076925,2023,11,2023_11,44.0,46.0
2023-12,49305976.66666666,57630054.20018536,194842.0,419126.0,0.0,2500120.0,375018.0,5.222222222222222,4.333333333333333,616989.7142857143,2023,12,2023_12,54.0,39.0
2024-01,50418171.0,56082016.266810834,194842.0,419126.0,0.0,759210.0,113881.44444444444,2.4444444444444446,3.111111111111111,286632.6666666667,2024,1,2024_01,61.0,32.0
2024-02,51356725.0,56994025.880166814,194842.0,419126.0,0.0,929520.0,139428.2,2.1,2.7,339435.0,2024,2,2024_02,53.0,34.0
2024-03,51792847.5,56953587.92516219,194842.0,419126.0,0.0,1061437.5,159215.625,17.75,2.375,454471.875,2024,3,2024_03,31.0,62.0
2024-04,53955720.76470588,57435958.8942921,194842.0,419126.0,0.0,765328.7647058824,114799.29411764706,1.6470588235294117,1.9411764705882355,405487.0588235294,2024,4,2024_04,64.0,26.0
2024-05,53890088.84210526,56875802.22120872,194842.0,419126.0,0.0,1118634.1578947369,167795.15789473685,32.26315789473684,2.8947368421052637,410113.7593984962,2024,5,2024_05,88.0,5.0
2024-06,55918158.54545455,57154750.9455725,194842.0,419126.0,0.0,1197376.3636363635,179606.36363636365,14.727272727272728,2.1818181818181817,596092.5,2024,6,2024_06,62.0,28.0
2024-07,56860853.6875,57661180.87517378,194842.0,419126.0,0.0,2216673.0,332500.9375,21.3125,3.875,635677.0147058824,2024,7,2024_07,88.0,5.0
2024-08,57916559.458333336,57606028.21682885,194842.0,419126.0,0.0,3177056.25,476558.5,26.25,3.333333333333333,1003072.5,2024,8,2024_08,87.0,6.0
2024-09,59764607.875,57630054.20018536,194842.0,419126.0,0.0,1644553.125,246683.0,15.625,2.5,651290.625,2024,9,2024_09,79.0,11.0
2024-10,61511129.92307692,57630054.20018535,194842.0,419126.0,0.0,1323872.3076923075,198580.84615384616,1.3076923076923077,2.769230769230769,472609.0384615384,2024,10,2024_10,74.0,19.0
2024-11,62388117.0,57630054.20018536,194842.0,419126.0,0.0,1852123.5,277818.5,9.666666666666666,4.5,433415.25,2024,11,2024_11,68.0,22.0
2024-12,61995678.5,57630054.20018536,194842.0,419126.0,0.0,1095975.0,164396.33333333334,48.16666666666666,2.1666666666666665,510187.5,2024,12,2024_12,29.0,64.0
2025-01,64808607.571428575,61766060.94293658,194842.0,419126.0,0.0,1059132.857142857,158870.0,2.4285714285714284,3.2857142857142856,347490.0,2025,1,2025_01,29.0,64.0
2025-02,65454009.0,58751253.17158745,194842.0,419126.0,0.0,2688563.571428572,403284.7142857143,8.428571428571429,6.0,375997.04081632657,2025,2,2025_02,49.0,35.0
2025-03,65663670.66666666,61357621.60009268,194842.0,419126.0,0.0,904500.0,135675.0,42.5,2.0,418500.0,2025,3,2025_03,31.0,62.0
2025-04,68480456.0,58463191.18478648,194842.0,419126.0,0.0,1149608.6153846155,172441.3076923077,5.307692307692308,3.0,384138.8681318681,2025,4,2025_04,60.0,30.0
2025-05,69576069.05882353,58332231.36488034,194842.0,419126.0,0.0,1039549.2352941176,155932.41176470587,8.411764705882353,2.294117647058824,460416.9705882353,2025,5,2025_05,83.0,10.0
2025-06,70473110.18181819,57630054.200185366,194842.0,419126.0,0.1818181818181818,1286844.5454545454,193026.63636363635,21.272727272727277,2.5454545454545454,494649.8181818182,2025,6,2025_06,66.0,24.0
2025-07,71293482.5,61759140.05012357,194842.0,419126.0,0.0,1247718.75,187157.91666666663,32.833333333333336,2.583333333333333,566868.75,2025,7,2025_07,46.0,47.0
2025-08,73094820.5263158,63076613.442222334,194842.0,419126.0,0.0526315789473684,4349605.263157895,652440.7894736842,23.31578947368421,3.684210526315789,1166870.5263157894,2025,8,2025_08,81.0,12.0
2025-09,74301072.0,63549765.00011585,194842.0,419126.0,0.0,1666153.125,249923.0,28.875,3.0,551587.5,2025,9,2025_09,52.0,38.0
2025-10,76365528.5,61673583.90013902,194842.0,419126.0,0.0,745875.0,111881.25,16.75,2.75,320625.0,2025,10,2025_10,27.0,66.0
2025-11,76863386.75,62669851.90013902,194842.0,419126.0,0.0,806962.5,121044.25,27.5,2.0,401962.5,2025,11,2025_11,24.0,66.0
2025-12,79900697.44444445,70059947.53341572,194842.0,419126.0,0.0,1300725.0,195108.77777777775,0.8888888888888888,1.8888888888888888,586575.0,2025,12,2025_12,23.0,70.0
2026-01,80717479.92307693,64770467.75397448,194842.0,419126.0,0.0,355745.76923076925,53361.69230769231,1.5384615384615383,1.0769230769230769,326668.8461538461,2026,1,2026_01,21.0,72.0
2026-02,79823717.0,57630054.20018536,194842.0,419126.0,0.0,3711015.0,556652.0,55.0,10.0,371101.5,2026,2,2026_02,10.0,74.0
2026-04,81347804.33333333,73441886.73339511,194842.0,419126.0,0.0,841500.0,126225.0,66.0,2.0,420750.0,2026,4,2026_04,8.0,82.0
2026-09,77459792.0,57630054.20018536,194842.0,419126.0,0.0,1895400.0,284310.0,313.0,2.0,947700.0,2026,9,2026_09,2.0,88.0
2023-05,42392909.66666666,52551635.13345691,194842.0,419129.0,0.0,1404000.0,210600.0,2.6666666666666665,3.6666666666666665,380571.4285714286,2023,5,2023_05,31.0,31.0
2023-06,42827086.0,57630054.20018536,194842.0,419129.0,0.0,1147500.0,172125.0,5.25,2.75,420000.0,2023,6,2023_06,52.0,8.0
2023-07,44110055.44444445,56064282.622386985,194842.0,419129.0,0.0,1359376.6666666667,203906.44444444444,2.6666666666666665,2.333333333333333,585488.3333333334,2023,7,2023_07,52.0,10.0
2023-08,45156514.0,55056061.56014829,194842.0,419129.0,0.2,2485800.0,372870.0,3.8,2.4,1008000.0,2023,8,2023_08,49.0,13.0
2023-09,46298776.14285714,55884541.88587316,194842.0,419129.0,0.0,1762928.5714285714,264439.28571428574,7.428571428571429,2.2857142857142856,759321.4285714285,2023,9,2023_09,47.0,13.0
2023-10,47268986.0,57630054.20018536,194842.0,419129.0,0.0,1459250.0,218887.5,6.333333333333333,2.1666666666666665,841333.3333333334,2023,10,2023_10,43.0,19.0
2023-11,48295841.66666666,55976846.00015447,194842.0,419129.0,0.0,1102500.0,165375.0,4.166666666666667,3.0,355000.0,2023,11,2023_11,37.0,23.0
2023-12,49399994.0,57630054.20018536,194842.0,419129.0,0.0,1428516.0,214277.4,1.6,2.0,688824.0,2023,12,2023_12,19.0,43.0
2024-01,49838096.375,56733889.30016219,194842.0,419129.0,0.0,1171687.5,175753.0,18.375,2.875,381375.0,2024,1,2024_01,45.0,17.0
2024-02,50858310.0,57630054.20018536,194842.0,419129.0,0.0,592110.0,88816.5,15.0,1.5,419985.0,2024,2,2024_02,25.0,33.0
2024-03,52132696.0,57630054.20018536,194842.0,419129.0,0.0,1085940.0,162891.2,6.6,3.0,377649.0,2024,3,2024_03,29.0,33.0
2024-04,53919391.91666666,57080117.50015447,194842.0,419129.0,0.0,910713.75,136607.08333333334,6.5,2.5,426233.25,2024,4,2024_04,37.0,23.0
2024-05,54788980.75,57630054.20018536,194842.0,419129.0,0.0,955874.25,143381.16666666666,10.416666666666666,2.5,408843.6428571429,2024,5,2024_05,54.0,8.0
2024-06,56029937.66666666,57630054.20018536,194842.0,419129.0,0.0,1326600.0,198990.0,9.333333333333334,3.0,442200.0,2024,6,2024_06,42.0,18.0
2024-07,57317385.375,57292691.80016219,194842.0,419129.0,0.0,2084062.5,312609.375,11.5,3.125,691025.625,2024,7,2024_07,51.0,11.0
2024-08,57872666.8,57815719.08016682,194842.0,419129.0,0.0,2965005.0,444750.8,27.1,2.3,1303290.0,2024,8,2024_08,60.0,2.0
2024-09,59980459.333333336,57630054.20018536,194842.0,419129.0,0.0,1326150.0,198922.44444444444,11.666666666666666,2.0,663300.0,2024,9,2024_09,54.0,6.0
2024-10,61607465.16666666,58968114.13345691,194842.0,419129.0,0.0,1550800.0,232620.0,0.8333333333333334,2.833333333333333,521350.0,2024,10,2024_10,42.0,20.0
2024-11,62422292.5,57630054.20018536,194842.0,419129.0,0.0,801900.0,120285.0,1.0,2.0,400950.0,2024,11,2024_11,38.0,22.0
2024-12,63847212.833333336,58574817.00015447,194842.0,419129.0,0.0,1237612.5,185641.8333333333,1.5,1.6666666666666667,646312.5,2024,12,2024_12,18.0,44.0
2025-01,64833093.0,57630054.20018536,194842.0,419129.0,0.0,667560.0,100134.0,3.333333333333333,1.6666666666666667,394530.0,2025,1,2025_01,13.0,49.0
2025-02,66046431.0,61938579.60009268,194842.0,419129.0,0.0,732487.5,109873.0,1.75,1.5,508246.875,2025,2,2025_02,13.0,43.0
2025-03,63926249.0,63926246.0,194842.0,419129.0,0.0,1458000.0,218700.0,81.0,3.0,486000.0,2025,3,2025_03,20.0,42.0
2025-04,68612412.33333333,65134415.400061786,194842.0,419129.0,0.0,802800.0,120420.0,1.6666666666666667,2.0,401400.0,2025,4,2025_04,40.0,20.0
2025-05,69311201.14285715,59348528.17158745,194842.0,419129.0,0.0,1116096.4285714286,167414.57142857142,11.428571428571429,2.2857142857142856,495996.4285714286,2025,5,2025_05,40.0,22.0
2025-06,71581238.5,57630054.20018536,194842.0,419129.0,0.0,1005750.0,150862.5,1.0,2.0,502875.0,2025,6,2025_06,39.0,21.0
2025-07,70514646.42857143,66075046.77148153,194842.0,419129.0,0.0,904885.7142857144,135732.85714285713,52.71428571428572,2.571428571428572,467196.4285714286,2025,7,2025_07,32.0,30.0
2025-08,73120351.0,59506765.80016219,194842.0,419129.0,0.0,3508762.5,526314.375,24.875,2.875,1159018.125,2025,8,2025_08,35.0,27.0
2025-09,73782788.0,70299574.55004634,194842.0,419129.0,0.0,1799887.5,269983.0,36.25,3.5,490612.5,2025,9,2025_09,33.0,27.0
2025-10,75410518.0,65717113.60009268,194842.0,419129.0,0.0,736695.0,110504.0,32.5,3.5,245565.0,2025,10,2025_10,27.0,35.0
2025-11,77757944.5,67709649.60009268,194842.0,419129.0,0.0,413100.0,61965.0,0.5,1.0,413100.0,2025,11,2025_11,11.0,49.0
2025-12,79970630.0,63209877.15013902,194842.0,419129.0,0.0,2100431.25,315064.5,1.75,3.25,598303.125,2025,12,2025_12,12.0,50.0
2026-01,80818593.33333333,65313916.46679024,194842.0,419129.0,0.0,464332.5,69649.66666666667,0.3333333333333333,1.5,330075.0,2026,1,2026_01,16.0,46.0
2026-02,81117152.0,57630054.20018536,194842.0,419129.0,0.0,328950.0,49342.0,14.0,1.0,328950.0,2026,2,2026_02,1.0,55.0
2026-04,81347805.0,81347803.0,194842.0,419129.0,0.0,841500.0,126225.0,66.0,2.0,420750.0,2026,4,2026_04,4.0,56.0
2025-07,69639483.5,57630054.20018536,194842.0,419296.0,0.0,22275000.0,3341250.0,76.0,4.0,5568750.0,2025,7,2025_07,16.0,15.0
2025-09,73801712.0,57630054.20018536,194842.0,419296.0,0.0,10935000.0,1640250.0,39.0,3.0,3645000.0,2025,9,2025_09,5.0,25.0
2025-10,73804173.0,57630054.20018536,194842.0,419296.0,0.0,12150000.0,1822500.0,64.0,4.0,3037500.0,2025,10,2025_10,4.0,27.0
2023-07,43968977.5,55671325.26087316,201589.0,431070.0,0.0892857142857142,802875.3571428572,40930.78571428572,8.517857142857142,2.2857142857142856,347758.9484126984,2023,7,2023_07,165.0,21.0
2023-08,44395428.59701493,56211380.25389734,201589.0,431070.0,0.1044776119402985,761675.5223880596,58125.67164179104,26.46268656716418,2.194029850746269,345108.1982942431,2023,8,2023_08,179.0,7.0
2023-09,45189317.86885246,56553058.69197344,201589.0,431070.0,0.0163934426229508,756819.5901639344,114040.81967213115,36.03278688524591,2.3114754098360657,326237.2950819672,2023,9,2023_09,168.0,12.0
2023-10,46319448.5945946,57160472.5569346,201589.0,431070.0,0.0,713652.7027027027,109148.85135135136,32.75675675675676,2.27027027027027,314725.79633204633,2023,10,2023_10,179.0,7.0
2023-11,47610681.43548387,55863377.0227361,201589.0,431070.0,0.0483870967741935,716295.8870967742,118233.43548387096,26.048387096774192,2.306451612903226,305941.97580645164,2023,11,2023_11,165.0,15.0
2023-12,47938443.4509804,56173779.447218746,201589.0,431070.0,0.0588235294117647,902902.4509803922,163397.27450980392,43.03921568627451,2.862745098039216,314605.637254902,2023,12,2023_12,171.0,15.0
2024-01,49779243.48571429,57144516.845889054,201589.0,431070.0,0.0857142857142857,868134.1428571428,162234.6857142857,15.285714285714286,2.771428571428572,317359.7673469388,2024,1,2024_01,164.0,22.0
2024-02,50966046.42857143,56405237.06137581,201589.0,431070.0,0.0408163265306122,784515.4693877551,146354.5306122449,16.755102040816325,2.326530612244898,343894.82653061225,2024,2,2024_02,143.0,31.0
2024-03,52277323.615384616,56912142.37964877,201589.0,431070.0,0.0,793849.7692307692,145660.6923076923,13.41025641025641,2.435897435897436,334438.6282051282,2024,3,2024_03,172.0,14.0
2024-04,52484216.83928572,56006342.09299285,201589.0,431070.0,0.0892857142857142,784594.5178571428,141937.94642857142,37.035714285714285,2.4642857142857144,327970.12946428574,2024,4,2024_04,165.0,15.0
2024-05,53484754.34,56786273.32415199,201589.0,431070.0,0.0,1070021.6,192603.92,41.3,3.2,332709.84,2024,5,2024_05,177.0,9.0
2024-06,54579570.4509804,56869597.1531011,201589.0,431070.0,0.0784313725490196,1042239.2156862743,187603.0392156863,48.0,2.8823529411764706,367065.8039215686,2024,6,2024_06,173.0,7.0
2024-07,55524206.72,56789799.51481001,201589.0,431070.0,0.0533333333333333,811659.2133333334,146098.66666666666,54.76,2.2133333333333334,369765.1166666666,2024,7,2024_07,169.0,17.0
2024-08,56526721.615384616,56878583.46680212,201589.0,431070.0,0.1153846153846153,861720.8076923077,155109.78205128206,62.57692307692308,2.3205128205128207,376563.4038461539,2024,8,2024_08,183.0,3.0
2024-09,58859548.14705882,57684693.85016082,201589.0,431070.0,0.0147058823529411,880636.7647058824,158514.61764705885,35.76470588235294,2.3823529411764706,365515.9852941177,2024,9,2024_09,177.0,3.0
2024-10,59888788.79661017,57715138.410329714,201589.0,431070.0,0.0847457627118644,912153.966101695,164308.49152542374,40.05084745762712,2.542372881355932,358434.5423728814,2024,10,2024_10,175.0,11.0
2024-11,61879761.51612903,58212045.458219975,201589.0,431070.0,0.064516129032258,994627.0967741936,180030.74193548388,20.516129032258064,2.935483870967742,333773.29032258067,2024,11,2024_11,139.0,41.0
2024-12,62104838.13793104,58028471.33808444,201589.0,431070.0,0.1724137931034483,883194.2068965518,160742.6896551724,42.75862068965517,2.6206896551724137,345106.6206896552,2024,12,2024_12,138.0,48.0
2025-01,64602054.19354839,58500345.23887112,201589.0,431070.0,0.032258064516129,823135.9354838709,148164.4516129032,5.548387096774194,2.677419354838709,310149.49769585254,2025,1,2025_01,161.0,25.0
2025-02,65519149.57692308,58165244.41555572,201589.0,431070.0,0.0384615384615384,1006598.4230769232,182602.61538461535,14.346153846153848,3.076923076923077,319621.22307692305,2025,2,2025_02,141.0,27.0
2025-03,66778703.76190476,57630054.20018536,201589.0,431070.0,0.0,904414.2857142856,165403.47619047618,16.61904761904762,2.571428571428572,354155.3571428572,2025,3,2025_03,153.0,33.0
2025-04,67665307.21212122,58845534.86682394,201589.0,431070.0,0.0606060606060606,1020553.8181818182,183699.66666666663,24.90909090909091,2.606060606060606,385763.5151515152,2025,4,2025_04,149.0,31.0
2025-05,68927921.3888889,59447885.550149314,201589.0,431070.0,0.0277777777777777,857017.75,154263.19444444444,24.61111111111111,2.2222222222222223,403578.5,2025,5,2025_05,180.0,6.0
2025-06,69786819.23529412,58913909.52368751,201589.0,431070.0,0.088235294117647,1219943.0882352942,219589.76470588235,38.14705882352941,2.735294117647059,491617.2450980392,2025,6,2025_06,168.0,12.0
2025-07,69570951.42105263,61146589.34749524,201589.0,431070.0,0.2105263157894736,1233089.7368421052,221956.13157894736,73.1842105263158,2.710526315789474,477174.4736842105,2025,7,2025_07,182.0,4.0
2025-08,71186252.4074074,59738089.90385474,201589.0,431070.0,0.1481481481481481,817582.9629629629,147164.90740740742,71.79629629629629,2.0,422486.2962962963,2025,8,2025_08,185.0,1.0
2025-09,73308044.75,60257210.2251506,201589.0,431070.0,0.1875,1444608.75,260029.5,50.96875,3.40625,439852.8125,2025,9,2025_09,172.0,8.0
2025-10,75583822.28571428,61431169.01443135,201589.0,431070.0,0.0476190476190476,892283.0476190476,160610.97619047618,34.69047619047619,2.2857142857142856,405245.1904761905,2025,10,2025_10,167.0,19.0
2025-11,77237902.83333333,61645609.46014829,201589.0,431070.0,0.0,971611.4,174890.06666666668,27.73333333333333,2.5,395039.26666666666,2025,11,2025_11,146.0,34.0
2025-12,77964507.94444445,60793926.3334878,201589.0,431070.0,0.1111111111111111,2020568.0,363702.2222222223,38.11111111111112,4.111111111111111,449116.0476190476,2025,12,2025_12,145.0,41.0
2026-01,80552984.0909091,59729772.00016851,201589.0,431070.0,0.0,739969.3636363636,138929.72727272726,2.8181818181818183,2.0454545454545454,361168.7727272727,2026,1,2026_01,114.0,72.0
2026-02,80547015.6,57630054.20018536,201589.0,431070.0,0.0,1864796.4,340719.8,35.4,4.8,384582.6,2026,2,2026_02,75.0,93.0
2026-03,76618754.0,70289186.73339511,201589.0,431070.0,0.0,1188000.0,213840.0,152.0,3.0,396000.0,2026,3,2026_03,77.0,109.0
2026-04,76411945.75,69459961.95006952,201589.0,431070.0,0.375,1995480.0,359186.5,198.125,4.75,429660.0,2026,4,2026_04,111.0,69.0
2026-05,78911615.0,60218445.42516219,201589.0,431070.0,0.0,1845787.5,332241.75,171.375,4.375,431853.75,2026,5,2026_05,106.0,80.0
2026-06,79977179.0,79977178.0,201589.0,431070.0,0.0,1980000.0,356400.0,179.0,5.0,396000.0,2026,6,2026_06,65.0,115.0
2026-07,78195798.36363636,67019381.38191929,201589.0,431070.0,0.4545454545454545,2602971.636363636,468534.9090909091,245.9090909090909,5.363636363636363,484860.3636363637,2026,7,2026_07,121.0,65.0
2026-08,79140152.0,57630054.20018536,201589.0,431070.0,0.0,3801600.0,684288.0,240.0,8.0,475200.0,2026,8,2026_08,70.0,116.0
2026-09,77597498.0,57630054.20018536,201589.0,431070.0,0.0,2803500.0,504630.0,330.0,7.0,400500.0,2026,9,2026_09,67.0,113.0
2026-10,81332386.0,57630054.20018536,201589.0,431070.0,0.0,1805760.0,325037.0,270.0,4.0,451440.0,2026,10,2026_10,66.0,120.0
2023-07,44030338.0862069,55269753.56222237,201589.0,431071.0,0.1034482758620689,1120205.1724137932,100899.0,7.931034482758621,2.4827586206896552,450643.1034482759,2023,7,2023_07,261.0,49.0
2023-08,44412333.01851852,55140778.10755845,201589.0,431071.0,0.1111111111111111,1238425.9259259258,134578.33333333334,27.166666666666668,2.740740740740741,451903.24074074073,2023,8,2023_08,306.0,4.0
2023-09,45594209.686746985,55586224.431479394,201589.0,431071.0,0.072289156626506,1065639.4578313252,180744.55421686743,24.698795180722893,2.4457831325301207,433303.5140562248,2023,9,2023_09,290.0,10.0
2023-10,46358605.38666666,54666302.3761384,201589.0,431071.0,0.0266666666666666,1022545.6,166610.96,33.093333333333334,2.3466666666666667,433479.6,2023,10,2023_10,292.0,18.0
2023-11,47093048.21818182,55299027.432875566,201589.0,431071.0,0.0,885144.0,154024.1090909091,40.36363636363637,2.327272727272727,377915.3636363637,2023,11,2023_11,260.0,40.0
2023-12,48173961.45652174,55723312.313192576,201589.0,431071.0,0.0,1420523.9130434785,256573.7608695652,37.78260869565217,3.391304347826087,413329.7677865612,2023,12,2023_12,248.0,62.0
2024-01,49832027.09090909,55936520.58196422,201589.0,431071.0,0.1212121212121212,1060359.2727272727,198495.54545454544,16.818181818181817,3.0303030303030303,425435.6363636364,2024,1,2024_01,223.0,87.0
2024-02,50776832.88372093,56011881.17688644,201589.0,431071.0,0.0697674418604651,1018539.6744186048,191266.6046511628,18.023255813953487,2.372093023255814,470927.511627907,2024,2,2024_02,212.0,78.0
2024-03,52229697.743589744,56076941.55397924,201589.0,431071.0,0.1282051282051282,1235318.3333333333,226348.94871794872,15.333333333333334,3.0,414942.3333333333,2024,3,2024_03,256.0,54.0
2024-04,52410652.15625,55969653.48137744,201589.0,431071.0,0.15625,1236294.875,223370.09375,39.75,2.78125,435620.9375,2024,4,2024_04,259.0,41.0
2024-05,54162925.31746032,57113921.10174029,201589.0,431071.0,0.0476190476190476,1185551.111111111,213399.2063492064,27.49206349206349,2.6031746031746037,458945.9259259259,2024,5,2024_05,275.0,35.0
2024-06,54659456.45762712,56389950.03741694,201589.0,431071.0,0.1016949152542373,1561576.1016949152,281083.6610169492,44.86440677966102,3.1186440677966103,498714.2598870056,2024,6,2024_06,265.0,35.0
2024-07,55180222.5425532,56765017.16183227,201589.0,431071.0,0.1914893617021276,1346401.9680851065,242352.3510638298,64.93617021276596,2.617021276595745,532635.3058510638,2024,7,2024_07,296.0,14.0
2024-08,56185326.75675676,56620712.25689452,201589.0,431071.0,0.1351351351351351,1356029.0,244085.1891891892,70.10810810810811,2.77027027027027,491303.7747747748,2024,8,2024_08,303.0,7.0
2024-09,59206503.56521739,57897354.05811877,201589.0,431071.0,0.1014492753623188,1405276.5217391304,252949.78260869565,26.3768115942029,2.898550724637681,490664.5652173913,2024,9,2024_09,283.0,17.0
2024-10,60362675.8,58228688.05264133,201589.0,431071.0,0.05,1223987.8,221984.05,28.375,2.7,465734.7333333333,2024,10,2024_10,280.0,30.0
2024-11,62167948.5952381,58150332.89063949,201589.0,431071.0,0.0,1508966.4285714286,272894.5238095238,11.047619047619047,3.4285714285714284,431115.7380952381,2024,11,2024_11,237.0,63.0
2024-12,62683436.595744684,58686187.48100093,201589.0,431071.0,0.0851063829787234,1269897.6595744682,228581.6170212766,31.106382978723403,2.574468085106383,506273.72340425535,2024,12,2024_12,213.0,97.0
2025-01,64245107.22916666,58927801.47098008,201589.0,431071.0,0.0208333333333333,951428.6458333334,171257.14583333334,14.708333333333334,2.5416666666666665,379357.8125,2025,1,2025_01,261.0,49.0
2025-02,65540121.266666666,58691479.400154464,201589.0,431071.0,0.0,660753.3333333334,120186.83333333331,19.23333333333333,2.1,287506.6666666667,2025,2,2025_02,200.0,80.0
2025-03,66751858.190476194,58312505.804934025,201589.0,431071.0,0.0476190476190476,918256.5476190476,168450.64285714287,13.80952380952381,2.238095238095238,405720.8333333333,2025,3,2025_03,200.0,110.0
2025-04,67254301.12820514,60347642.98987667,201589.0,431071.0,0.0769230769230769,1538836.2051282052,276990.5128205128,35.35897435897436,3.358974358974359,458447.6239316239,2025,4,2025_04,248.0,52.0
2025-05,68666370.69565217,58796953.63494782,201589.0,431071.0,0.0869565217391304,1219354.0869565215,219483.7608695652,32.30434782608695,2.565217391304348,467917.8768115942,2025,5,2025_05,276.0,34.0
2025-06,69426532.88095239,58849336.41444901,201589.0,431071.0,0.0238095238095238,1642499.1904761903,295649.8571428572,44.97619047619048,3.119047619047619,593579.1870748299,2025,6,2025_06,271.0,29.0
2025-07,69739787.18181819,60506302.41831663,201589.0,431071.0,0.2363636363636363,1919361.0909090908,345484.9818181818,68.67272727272727,3.2181818181818183,598715.5757575758,2025,7,2025_07,300.0,10.0
2025-08,72231752.6779661,60860949.08149417,201589.0,431071.0,0.1694915254237288,1688324.06779661,303898.3220338983,46.94915254237288,2.711864406779661,622128.1840193705,2025,8,2025_08,299.0,11.0
2025-09,74420162.15686275,62653192.12169947,201589.0,431071.0,0.2352941176470588,1800692.549019608,324124.5882352941,29.45098039215686,3.313725490196078,534086.7973856209,2025,9,2025_09,274.0,26.0
2025-10,75467298.33823529,61977388.014842175,201589.0,431071.0,0.0441176470588235,1092001.3529411764,196560.2205882353,36.25,2.294117647058824,472571.7941176471,2025,10,2025_10,260.0,50.0
2025-11,77358450.5483871,62264322.50982092,201589.0,431071.0,0.032258064516129,1124914.7096774194,202484.61290322585,18.870967741935484,2.4838709677419355,457372.5161290322,2025,11,2025_11,182.0,118.0
2025-12,78681338.75,59005055.62517378,201589.0,431071.0,0.0,1386945.375,249650.1875,23.375,3.0,465832.0625,2025,12,2025_12,102.0,208.0
2026-01,80081483.35714285,60843886.314444594,201589.0,431071.0,0.0,1209597.142857143,221876.07142857145,11.571428571428571,2.642857142857143,472478.5714285714,2026,1,2026_01,80.0,230.0
2026-02,79979849.0,57630054.20018536,201589.0,431071.0,0.0,990660.0,178319.0,63.0,2.0,495330.0,2026,2,2026_02,11.0,269.0
2026-03,80856117.6,67032999.320111215,201589.0,431071.0,0.0,3566596.0,641987.4,65.2,6.8,510598.0,2026,3,2026_03,52.0,258.0
2026-04,78474822.0,57630054.20018536,201589.0,431071.0,0.25,3211617.5,578091.25,153.25,5.5,593872.5,2026,4,2026_04,76.0,224.0
2026-05,75712534.0,57630054.20018536,201589.0,431071.0,0.0,3260400.0,586872.0,258.0,5.0,652080.0,2026,5,2026_05,16.0,294.0
2026-06,79977178.0,57630054.20018536,201589.0,431071.0,0.0,2860000.0,514800.0,179.0,5.0,572000.0,2026,6,2026_06,35.0,265.0
2026-07,78960521.8,66262743.72011121,201589.0,431071.0,0.0,3358960.0,604613.0,219.6,4.4,796576.0,2026,7,2026_07,88.0,222.0
2026-09,77483780.0,57630054.20018536,201589.0,431071.0,0.0,4049500.0,728910.0,332.0,7.0,578500.0,2026,9,2026_09,7.0,293.0
2026-10,78279073.0,57630054.20018536,201589.0,431071.0,0.0,1956240.0,352123.0,351.0,3.0,652080.0,2026,10,2026_10,2.0,308.0
2023-08,45223752.5,57630054.20018536,201589.0,431095.0,0.0,427500.0,76950.0,5.5,1.0,427500.0,2023,8,2023_08,31.0,0.0
2023-09,45389959.0,57630054.20018536,201589.0,431095.0,0.0,1043750.0,187875.0,34.333333333333336,2.333333333333333,419916.6666666667,2023,9,2023_09,28.0,2.0
2023-10,45631398.5,57630054.20018536,201589.0,431095.0,0.0,398137.5,40500.0,44.5,1.0,398137.5,2023,10,2023_10,30.0,1.0
2023-11,46626517.6,55290640.76014829,201589.0,431095.0,0.0,1236600.0,222588.0,50.6,3.2,378000.0,2023,11,2023_11,23.0,7.0
2023-12,48926744.0,48926742.0,201589.0,431095.0,0.0,427500.0,76950.0,10.0,1.0,427500.0,2023,12,2023_12,26.0,5.0
2024-01,49451576.0,53869218.60009268,201589.0,431095.0,0.0,365976.0,68695.0,33.5,1.0,365976.0,2024,1,2024_01,22.0,9.0
2024-02,51399069.0,57630054.20018536,201589.0,431095.0,0.0,1069200.0,213840.0,1.0,3.0,356400.0,2024,2,2024_02,21.0,8.0
2024-04,53449798.0,57630054.20018536,201589.0,431095.0,0.0,500000.0,90000.0,1.0,1.0,500000.0,2024,4,2024_04,30.0,0.0
2024-05,52177469.0,53942241.10009268,201589.0,431095.0,0.0,1317300.0,237114.0,79.5,3.5,415650.0,2024,5,2024_05,25.0,6.0
2024-06,52749418.66666666,57630054.20018536,201589.0,431095.0,0.3333333333333333,1349333.3333333333,242880.0,84.66666666666667,3.0,454666.6666666667,2024,6,2024_06,31.0,-1.0
2024-08,56781005.25,55786724.65013902,201589.0,431095.0,0.0,1244100.0,223938.0,53.5,2.75,441100.0,2024,8,2024_08,33.0,-2.0
2024-09,59518293.66666666,58010204.80012357,201589.0,431095.0,0.0,958133.3333333334,172464.0,16.666666666666668,2.0,452966.6666666667,2024,9,2024_09,29.0,1.0
2024-10,59218537.85714286,57473786.11439163,201589.0,431095.0,0.1428571428571428,1213138.2857142857,218364.85714285716,58.42857142857143,2.7142857142857144,464500.8571428572,2024,10,2024_10,28.0,3.0
2024-11,62594231.0,57630054.20018536,201589.0,431095.0,0.0,378400.0,68112.0,0.5,1.0,378400.0,2024,11,2024_11,18.0,12.0
2024-12,63144559.0,63144558.0,201589.0,431095.0,0.0,880000.0,158400.0,25.0,2.0,440000.0,2024,12,2024_12,17.0,14.0
2025-04,66365591.0,57630054.20018536,201589.0,431095.0,0.0,420200.0,75636.0,72.0,1.0,420200.0,2025,4,2025_04,32.0,-2.0
2025-05,67162668.0,57630054.20018536,201589.0,431095.0,0.5,1395000.0,251100.0,56.5,3.0,465000.0,2025,5,2025_05,29.0,2.0
2025-06,70559928.5,57630054.20018536,201589.0,431095.0,0.0,2063160.0,371369.0,12.5,3.5,579040.0,2025,6,2025_06,26.0,4.0
2025-08,70252414.5,62685707.10009268,201589.0,431095.0,0.75,1180045.0,212408.0,83.0,2.0,575345.0,2025,8,2025_08,30.0,1.0
2025-09,75412459.66666667,63220064.46679024,201589.0,431095.0,0.3333333333333333,1632400.0,293832.0,10.0,3.333333333333333,502480.0,2025,9,2025_09,26.0,4.0
2025-10,73514603.83333333,58603093.00015447,201589.0,431095.0,0.1666666666666666,1344755.0,242055.8333333333,77.5,2.833333333333333,449881.6666666667,2025,10,2025_10,24.0,7.0
2023-11,46358879.0,46358876.0,158990.0,462631.0,0.0,702000.0,126360.0,59.0,3.0,234000.0,2023,11,2023_11,3.0,27.0
2023-12,49571643.0,49571642.0,158990.0,462631.0,0.0,1381212.0,437004.0,8.0,2.0,690606.0,2023,12,2023_12,1.0,30.0
2024-01,50391892.14285714,57630054.20018536,158990.0,462631.0,0.0,572874.1428571428,131761.0,3.142857142857143,1.8571428571428568,310016.23809523805,2024,1,2024_01,18.0,13.0
2024-02,51090026.85714286,57630054.20018536,158990.0,462631.0,0.0,980310.5714285716,225471.57142857145,11.285714285714286,3.4285714285714284,315026.62448979594,2024,2,2024_02,24.0,5.0
2024-03,52404756.41666666,57630054.20018536,158990.0,462631.0,0.0,482540.0,110984.25,5.166666666666667,1.4166666666666667,335185.2777777777,2024,3,2024_03,17.0,14.0
2024-04,53042578.571428575,57630054.20018536,158990.0,462631.0,0.0,1074180.5714285714,247061.57142857145,23.857142857142858,3.0,383684.9795918368,2024,4,2024_04,23.0,7.0
2024-05,54781128.5,56958396.46014829,158990.0,462631.0,0.0,828630.0,190584.9,11.9,2.3,348300.0,2024,5,2024_05,28.0,3.0
2024-06,54367901.0,56621542.3334878,158990.0,462631.0,0.0,1176912.5,270689.8333333333,49.333333333333336,2.6666666666666665,473904.1666666667,2024,6,2024_06,24.0,6.0
2024-07,56689439.16666666,57630054.20018536,158990.0,462631.0,0.0,1655808.6666666667,380836.0,24.33333333333333,3.1666666666666665,523302.1666666667,2024,7,2024_07,23.0,8.0
2024-08,55803944.63636363,56193469.236498445,158990.0,462631.0,0.0,1496879.5454545454,344282.2727272727,79.27272727272727,2.272727272727273,653634.0909090909,2024,8,2024_08,29.0,2.0
2024-09,58219365.44444445,57737132.95572032,158990.0,462631.0,0.0,1256700.0,289041.0,51.0,2.555555555555556,488708.3333333333,2024,9,2024_09,23.0,7.0
2024-10,61457984.625,57630054.20018536,158990.0,462631.0,0.0,863156.25,186998.5,1.25,2.125,406518.75,2024,10,2024_10,19.0,12.0
2024-11,61605786.66666666,57630054.20018536,158990.0,462631.0,0.0,915637.5,210596.8333333333,24.166666666666668,3.0,305212.5,2024,11,2024_11,22.0,8.0
2024-12,63446938.0,58566655.36014829,158990.0,462631.0,0.0,1578294.0,363008.0,9.8,3.8,363142.8,2024,12,2024_12,17.0,14.0
2025-01,64391745.571428575,57630054.20018536,158990.0,462631.0,0.0,533072.5714285715,122606.42857142857,16.142857142857142,2.857142857142857,184078.2857142857,2025,1,2025_01,24.0,7.0
2025-02,65496364.5,57630054.20018536,158990.0,462631.0,0.0,442971.0,101883.5,10.5,2.0,219771.0,2025,2,2025_02,7.0,21.0
2025-03,67035550.2,59526768.36014829,158990.0,462631.0,0.0,792913.4,182370.0,4.2,2.2,361442.2,2025,3,2025_03,11.0,20.0
2025-04,67919897.8,57630054.20018536,158990.0,462631.0,0.0,1714932.0,394434.2,21.4,4.2,423468.0,2025,4,2025_04,16.0,14.0
2025-05,69731569.0,69731568.0,158990.0,462631.0,0.0,429300.0,98739.0,1.0,2.0,214650.0,2025,5,2025_05,26.0,5.0
2025-06,70862142.18181819,57630054.200185366,158990.0,462631.0,0.0,716217.3636363636,164729.9090909091,11.363636363636363,2.4545454545454546,287185.7575757576,2025,6,2025_06,26.0,4.0
2025-07,71269441.92857143,59572810.88587316,158990.0,462631.0,0.0,1026754.5,236153.64285714287,34.0,2.0,474404.78571428574,2025,7,2025_07,29.0,2.0
2025-08,72089186.6,58323123.05350634,158990.0,462631.0,0.0,1004345.6,231672.86666666667,46.8,2.066666666666667,458732.23888888885,2025,8,2025_08,30.0,1.0
2025-09,74318301.9,58784965.380166814,158990.0,462631.0,0.0,832645.1,191508.4,32.5,1.9,430924.1166666667,2025,9,2025_09,27.0,3.0
2025-10,76572443.63636364,57630054.200185366,158990.0,462631.0,0.0,882620.7272727273,203002.7272727273,10.545454545454543,2.363636363636364,369149.1515151515,2025,10,2025_10,27.0,4.0
2025-11,77628014.66666667,61832388.04458862,158990.0,462631.0,0.0,789697.7777777778,181630.44444444444,16.666666666666668,2.2222222222222223,355364.0,2025,11,2025_11,21.0,9.0
2025-12,79219020.66666667,57630054.20018536,158990.0,462631.0,0.0,1169455.3333333333,268974.6666666667,20.33333333333333,2.6666666666666665,446545.7222222223,2025,12,2025_12,10.0,21.0
2026-01,80302739.2,57630054.20018536,158990.0,462631.0,0.0,842866.6,193859.4,6.4,3.2,256854.25,2026,1,2026_01,27.0,4.0
2026-02,75598787.33333333,64506720.80012357,158990.0,462631.0,0.0,692064.0,159174.33333333334,162.0,3.0,230688.0,2026,2,2026_02,7.0,21.0
2026-03,79589349.0,57630054.20018536,158990.0,462631.0,0.0,514333.75,118296.5,91.0,2.0,263395.75,2026,3,2026_03,11.0,20.0
2023-12,49424927.5,53499339.60009268,158990.0,462632.0,0.0,4491228.5,831655.75,6.5,8.0,629307.8928571428,2023,12,2023_12,22.0,102.0
2024-01,50391158.54545455,56358032.89106074,158990.0,462632.0,0.0,915865.9090909092,210649.27272727276,4.181818181818182,2.363636363636364,495266.2424242424,2024,1,2024_01,47.0,77.0
2024-02,51114482.551724136,56742855.72429772,158990.0,462632.0,0.0,1295027.3103448276,284216.5172413793,10.172413793103448,3.2413793103448274,394232.4167487685,2024,2,2024_02,87.0,29.0
2024-03,51603613.86956522,56614461.42624008,158990.0,462632.0,0.0,1158259.9130434785,264583.1304347826,28.130434782608692,2.6956521739130435,431428.92391304346,2024,3,2024_03,73.0,51.0
2024-04,53740305.9047619,56494168.95251335,158990.0,462632.0,0.0,1378428.5238095238,317038.61904761905,11.904761904761903,2.619047619047619,536874.0317460317,2024,4,2024_04,64.0,56.0
2024-05,54548727.6,57193653.65793431,158990.0,462632.0,0.0,1207769.2666666666,272427.97777777776,16.511111111111113,2.466666666666667,493423.9285714286,2024,5,2024_05,117.0,7.0
2024-06,54463542.40909091,56849420.127432816,158990.0,462632.0,0.0,1777771.181818182,408887.3636363637,48.90909090909091,3.272727272727273,563868.9285714286,2024,6,2024_06,93.0,27.0
2024-07,54441585.4137931,56865840.79326324,158990.0,462632.0,0.0,2722725.275862069,626226.8275862068,79.20689655172414,3.413793103448276,820859.8103448276,2024,7,2024_07,114.0,10.0
2024-08,55539991.21428572,56820674.833487794,158990.0,462632.0,0.0,2396419.904761905,551176.5,84.23809523809524,2.7142857142857144,898659.4761904762,2024,8,2024_08,118.0,6.0
2024-09,57807548.942857146,56992449.28015358,158990.0,462632.0,0.0,1939755.857142857,446143.8285714285,62.05714285714286,2.6,740849.6785714285,2024,9,2024_09,108.0,12.0
2024-10,59948848.78571428,57620049.44300278,158990.0,462632.0,0.0,1365170.5714285714,313003.5,35.785714285714285,2.571428571428572,558283.0,2024,10,2024_10,63.0,61.0
2024-11,60459286.9375,57857425.8501506,158990.0,462632.0,0.0,1827502.5625,420325.5625,56.1875,4.6875,392995.2165178572,2024,11,2024_11,89.0,31.0
2024-12,63466153.84615385,58067587.41555572,158990.0,462632.0,0.0,1844011.307692308,442830.07692307694,9.692307692307692,3.1538461538461537,555846.6487179487,2024,12,2024_12,64.0,60.0
2025-01,64463015.85714286,58646191.88587316,158990.0,462632.0,0.0,2234683.8571428573,513977.28571428574,8.857142857142858,5.571428571428571,344429.9857142857,2025,1,2025_01,71.0,53.0
2025-02,66465290.0,57630054.20018536,158990.0,462632.0,0.0,830227.5,190952.5,1.0,1.5,511695.0,2025,2,2025_02,37.0,75.0
2025-03,66442688.4,59457243.76014829,158990.0,462632.0,0.0,967589.0,222545.6,17.4,2.4,396407.6666666666,2025,3,2025_03,58.0,66.0
2025-04,68410521.0,60105538.65013902,158990.0,462632.0,0.0,2031716.875,467295.0,4.875,3.625,541083.1026785715,2025,4,2025_04,38.0,82.0
2025-05,69810201.625,61456063.01262744,158990.0,462632.0,0.0,1664958.5625,382940.4375,6.0,3.0,577001.7157738096,2025,5,2025_05,53.0,71.0
2025-06,71299584.91666667,59904405.41682113,158990.0,462632.0,0.0,1611001.5,370530.3333333333,4.75,2.75,581905.8055555556,2025,6,2025_06,62.0,58.0
2025-07,71842684.21052632,58222480.137017705,158990.0,462632.0,0.0,2376529.8947368423,585421.0789473684,23.657894736842103,2.973684210526316,776383.9984962406,2025,7,2025_07,117.0,7.0
2025-08,72222410.05,59406287.09515755,158990.0,462632.0,0.0,2291049.875,536894.15,46.825,2.625,841297.7479166666,2025,8,2025_08,120.0,4.0
2025-09,74630698.5,60071264.77873031,158990.0,462632.0,0.0,2127071.6428571427,474690.1785714286,23.25,2.571428571428572,823031.4892857142,2025,9,2025_09,97.0,23.0
2025-10,76521815.0,60171176.44016064,158990.0,462632.0,0.0,1630451.8666666667,374220.43333333335,9.9,2.466666666666667,650014.5416666666,2025,10,2025_10,80.0,44.0
2025-11,77596764.33333333,64218843.21679024,158990.0,462632.0,0.0,949918.5,230136.0833333333,13.833333333333334,2.25,426577.4305555556,2025,11,2025_11,73.0,47.0
2025-12,77149904.0,61363998.56014829,158990.0,462632.0,0.0,4452776.0,1024138.6,65.4,5.8,708080.9766666668,2025,12,2025_12,51.0,73.0
2026-01,80305115.375,63249555.52513902,158990.0,462632.0,0.0,1378981.0,317165.75,10.75,3.0,505875.96726190473,2026,1,2026_01,76.0,48.0
2026-03,78435915.25,62803824.90013902,158990.0,462632.0,0.0,3085715.0,709714.0,110.75,5.0,617143.0,2026,3,2026_03,20.0,104.0
2023-12,49538056.0,57630054.20018536,158990.0,462634.0,0.0,1819290.0,395486.6666666667,1.0,3.6666666666666665,583790.0,2023,12,2023_12,8.0,54.0
2024-01,50203265.92857143,57103573.6858864,158990.0,462634.0,0.0,1146993.7142857143,263808.5714285714,3.642857142857143,2.4285714285714284,592469.75,2024,1,2024_01,39.0,23.0
2024-02,51109195.75,56018742.06680568,158990.0,462634.0,0.0,1289921.0833333333,296681.8333333333,11.916666666666666,3.1666666666666665,413763.1805555556,2024,2,2024_02,46.0,12.0
2024-03,52074160.6,55818996.34012976,158990.0,462634.0,0.0,1458087.3,335359.9,21.4,2.7,519932.7,2024,3,2024_03,37.0,25.0
2024-04,52204058.66666666,56528194.90013901,158990.0,462634.0,0.0,1620566.25,372730.0833333333,48.75,3.0,517325.625,2024,4,2024_04,34.0,26.0
2024-05,53866712.85,57630054.20018536,158990.0,462634.0,0.0,1343228.9,308942.65,33.6,2.5,537520.775,2024,5,2024_05,59.0,3.0
2024-06,54505738.23529412,57630054.20018536,158990.0,462634.0,0.0,1682113.294117647,386886.1176470588,47.23529411764706,2.5294117647058822,689531.6823529411,2024,6,2024_06,48.0,12.0
2024-07,55180127.4,57320252.230166815,158990.0,462634.0,0.0,2215888.0,509654.2,63.65,2.65,823327.675,2024,7,2024_07,61.0,1.0
2024-08,55144900.5,57168921.27015755,158990.0,462634.0,0.0,2650840.45,609693.3,94.45,2.8,950660.9,2024,8,2024_08,59.0,3.0
2024-09,57146727.13043478,57512069.31321272,158990.0,462634.0,0.0,1955464.0869565215,449756.6956521739,77.65217391304348,2.4782608695652173,783034.5434782609,2024,9,2024_09,58.0,2.0
2024-10,61184457.25,58909788.37511585,158990.0,462634.0,0.0,2282512.5,524977.875,5.375,2.75,914493.75,2024,10,2024_10,30.0,32.0
2024-11,61513312.42857143,57712034.61445783,158990.0,462634.0,0.0,900648.6428571428,241165.2142857143,29.785714285714285,2.071428571428572,430938.6428571429,2024,11,2024_11,40.0,20.0
2024-12,61688230.0,57630054.20018536,158990.0,462634.0,0.0,2649117.5,689455.5,62.25,4.0,600176.0,2024,12,2024_12,34.0,28.0
2025-01,64643170.0,58531475.17516219,158990.0,462634.0,0.0,1083739.5,249260.25,7.375,2.875,406115.4375,2025,1,2025_01,37.0,25.0
2025-02,66348116.5,57630054.20018536,158990.0,462634.0,0.0,860390.5,197889.75,1.75,2.0,444197.8333333333,2025,2,2025_02,9.0,47.0
2025-03,65976917.0,57630054.20018536,158990.0,462634.0,0.0,1254883.0,329957.0,32.0,3.0,422046.3333333333,2025,3,2025_03,13.0,49.0
2025-05,69696335.0,59701691.89106074,158990.0,462634.0,0.0,1472884.818181818,346385.1818181818,7.818181818181818,2.4545454545454546,609006.9545454546,2025,5,2025_05,38.0,24.0
2025-06,71273594.6875,57630054.20018536,158990.0,462634.0,0.0,1407150.0,323644.6875,4.5625,2.1875,615031.1875,2025,6,2025_06,52.0,8.0
2025-07,70853729.1764706,59777116.34132912,158990.0,462634.0,0.0,2915338.1764705884,721786.9411764706,45.11764705882353,3.647058823529412,786795.7154061624,2025,7,2025_07,57.0,5.0
2025-08,71977870.88235295,58159441.54135092,158990.0,462634.0,0.0,2150496.117647059,477996.1176470588,54.1764705882353,2.4705882352941178,854293.9656862745,2025,8,2025_08,62.0,0.0
2025-09,74765498.92857143,58881000.400172114,158990.0,462634.0,0.0,1984299.9285714289,456388.78571428574,20.285714285714285,2.4285714285714284,817253.5297619047,2025,9,2025_09,57.0,3.0
2025-10,76539625.33333333,59201159.35016992,158990.0,462634.0,0.0,2430022.4166666665,558905.0833333334,9.416666666666666,3.25,775291.525,2025,10,2025_10,45.0,17.0
2025-11,77948755.28571428,57630054.20018536,158990.0,462634.0,0.0,1483584.2857142857,371885.5714285714,5.571428571428571,3.4285714285714284,425790.2047619047,2025,11,2025_11,32.0,28.0
2025-12,77520376.0,60379126.8334878,158990.0,462634.0,0.0,2099594.0,482906.6666666667,46.66666666666666,3.333333333333333,631947.8634920635,2025,12,2025_12,22.0,40.0
2026-01,79932650.33333333,65087590.80012357,158990.0,462634.0,0.0,1752469.0,403068.0,17.666666666666668,3.6666666666666665,482299.15,2026,1,2026_01,23.0,39.0
2026-02,80184965.0,57630054.20018536,158990.0,462634.0,0.0,1668391.0,383730.0,40.0,3.5,471448.4583333334,2026,2,2026_02,7.0,49.0
2026-03,78325227.5,67977640.60009268,158990.0,462634.0,0.0,2945456.0,677455.0,114.0,5.0,589091.2,2026,3,2026_03,10.0,52.0
2024-08,59135689.8,57630054.20018536,169082.0,500275.0,0.0,583800.0,93699.8,1.0,1.2,469254.5,2024,8,2024_08,6.0,25.0
2024-09,60803538.75,57630054.20018536,169082.0,500275.0,0.0,620454.5,99583.0,0.5,1.5,429545.3333333333,2024,9,2024_09,6.0,24.0
2024-10,61584519.66666666,57630054.20018536,169082.0,500275.0,0.0,770909.1666666666,123730.83333333331,1.6666666666666667,2.6666666666666665,334545.5555555556,2024,10,2024_10,16.0,15.0
2024-11,62270909.0,57630054.20018536,169082.0,500275.0,0.0,261818.0,42022.0,1.0,1.0,261818.0,2024,11,2024_11,1.0,29.0
2024-12,63933254.0,57630054.20018536,169082.0,500275.0,0.0,261818.0,42022.0,0.0,1.0,261818.0,2024,12,2024_12,1.0,30.0
2025-01,65108713.0,57630054.20018536,169082.0,500275.0,0.0,572727.0,91923.0,0.5,1.5,381818.0,2025,1,2025_01,3.0,28.0
2025-02,65758803.5,57630054.20018536,169082.0,500275.0,0.0,515455.0,82730.0,0.0,1.0,515455.0,2025,2,2025_02,2.0,26.0
2025-03,67224446.0,57630054.20018536,169082.0,500275.0,0.0,325293.0,52210.0,0.0,1.0,325293.0,2025,3,2025_03,1.0,30.0
2025-04,68405159.33333333,61406389.46679024,169082.0,500275.0,0.0,432456.6666666667,65562.0,0.6666666666666666,1.0,432456.6666666667,2025,4,2025_04,3.0,27.0
2025-05,69582326.66666667,57630054.20018536,169082.0,500275.0,0.6666666666666666,501818.0,80542.0,1.6666666666666667,1.0,501818.0,2025,5,2025_05,3.0,28.0
2025-06,71524623.25,57630054.20018536,169082.0,500275.0,0.5,545727.25,87589.25,5.5,1.0,545727.25,2025,6,2025_06,4.0,26.0
2025-07,73350444.25,61567895.40013902,169082.0,500275.0,0.0,326703.0,50273.0,0.25,1.0,326703.0,2025,7,2025_07,4.0,27.0
2025-08,73212166.0,57630054.20018536,169082.0,500275.0,0.25,564390.75,98986.5,19.25,1.25,467015.5,2025,8,2025_08,5.0,26.0
2025-10,76308095.5,57630054.20018536,169082.0,500275.0,0.0,575661.0,92393.75,8.25,1.25,452669.875,2025,10,2025_10,5.0,26.0
2025-12,79522214.5,57630054.20018536,169082.0,500275.0,1.0,580068.0,93101.0,0.5,1.0,580068.0,2025,12,2025_12,2.0,29.0
2026-01,80528824.0,57630054.20018536,169082.0,500275.0,0.0,380847.5,61126.0,0.0,1.0,380847.5,2026,1,2026_01,2.0,29.0
2024-06,54139152.28571428,57630054.20018536,158990.0,502851.0,0.0,1739417.142857143,400066.0,61.0,2.4285714285714284,715680.0,2024,6,2024_06,17.0,13.0
2024-07,54439898.571428575,56045468.71441811,158990.0,502851.0,0.0,2408414.285714286,553935.2857142857,78.57142857142857,3.142857142857143,790042.8571428572,2024,7,2024_07,28.0,3.0
2024-08,56192285.45454545,56610147.07287893,158990.0,502851.0,0.0,2223695.4545454546,511450.0,69.81818181818181,2.363636363636364,963163.6363636364,2024,8,2024_08,30.0,1.0
2024-09,59239671.85714286,57052635.74301602,158990.0,502851.0,0.0,2502642.8571428573,575607.8571428572,29.0,3.142857142857143,788142.8571428572,2024,9,2024_09,27.0,3.0
2024-10,60239893.0,59890922.06672845,158990.0,502851.0,0.0,1417733.3333333333,242634.66666666663,31.33333333333333,3.333333333333333,537533.3333333334,2024,10,2024_10,12.0,19.0
2024-11,62398121.85714286,59884578.11439163,158990.0,502851.0,0.0,1181528.5714285714,271751.5714285714,7.285714285714286,2.7142857142857144,412307.1428571429,2024,11,2024_11,19.0,11.0
2024-12,62558451.5,57630054.20018536,158990.0,502851.0,0.0,2134350.0,490900.5,37.5,3.5,548370.0,2024,12,2024_12,19.0,12.0
2025-01,64304024.333333336,57630054.20018536,158990.0,502851.0,0.0,3540825.0,814389.6666666666,14.333333333333334,10.333333333333334,378047.7272727273,2025,1,2025_01,30.0,1.0
2025-02,65047385.0,57630054.20018536,158990.0,502851.0,0.0,555741.0,127820.5,27.0,1.5,413991.0,2025,2,2025_02,11.0,17.0
2025-03,66021531.0,57630054.20018536,158990.0,502851.0,0.0,2565031.25,589937.0,33.75,5.25,512830.625,2025,3,2025_03,21.0,10.0
2025-04,68280712.0,59904437.90013902,158990.0,502851.0,0.0,1631610.0,375270.5,10.0,2.75,578880.0,2025,4,2025_04,15.0,15.0
2025-05,69563838.625,59236363.67516219,158990.0,502851.0,0.0,1246069.125,286595.875,13.125,2.5,472121.7083333334,2025,5,2025_05,23.0,8.0
2025-06,70177244.0,57630054.20018536,158990.0,502851.0,0.0,2015309.3333333333,446271.1666666667,31.166666666666668,3.5,528247.0694444445,2025,6,2025_06,26.0,4.0
2025-07,71276025.6923077,60405974.69245028,158990.0,502851.0,0.0,1516507.923076923,348796.6923076923,34.23076923076923,2.0,754053.3846153846,2025,7,2025_07,27.0,4.0
2025-08,71194816.36363636,58903954.18198669,158990.0,502851.0,0.0,2227119.909090909,515695.2727272727,66.81818181818181,2.636363636363636,798532.3030303031,2025,8,2025_08,29.0,2.0
2025-09,73707257.5,59073693.17516219,158990.0,502851.0,0.0,1803195.0,414734.875,41.0,2.5,720363.9895833334,2025,9,2025_09,25.0,5.0
2025-10,75957471.83333333,57630054.20018536,158990.0,502851.0,0.0,1483070.0,341106.1666666667,25.166666666666668,2.833333333333333,550353.1277777777,2025,10,2025_10,23.0,8.0
2025-11,77758638.14285715,57630054.20018536,158990.0,502851.0,0.0,1012361.7142857144,232843.42857142855,12.571428571428571,2.4285714285714284,424076.1904761905,2025,11,2025_11,24.0,6.0
2025-12,76837448.8,57630054.20018536,158990.0,502851.0,0.0,1674801.2,385204.2,62.2,3.2,488118.5533333333,2025,12,2025_12,16.0,15.0
2026-01,80119727.0,57630054.20018536,158990.0,502851.0,0.0,4035085.5,928069.5,9.0,6.5,599053.1625,2026,1,2026_01,32.0,-1.0
2026-02,77904281.0,57630054.20018536,158990.0,502851.0,0.0,1262339.0,290338.0,98.0,3.0,420779.6666666667,2026,2,2026_02,8.0,20.0
2026-03,79944327.75,57630054.20018536,158990.0,502851.0,0.0,1809328.25,416145.5,80.5,4.0,444934.5291666667,2026,3,2026_03,16.0,15.0
2024-07,58398928.25,57822265.15013902,243134.0,512298.0,0.25,1906441.25,0.0,2.25,4.25,445291.2083333333,2024,7,2024_07,17.0,107.0
2024-08,58587897.35294118,57879072.47071544,243134.0,512298.0,0.1176470588235294,1220864.388235294,61553.8431372549,12.647058823529411,2.156862745098039,602686.631372549,2024,8,2024_08,123.0,1.0
2024-09,59726797.28205128,57836164.97965828,243134.0,512298.0,0.0,1140339.717948718,174403.4871794872,17.512820512820515,2.6153846153846154,430601.1267094017,2024,9,2024_09,118.0,2.0
2024-10,61192685.217391305,57843260.90452109,243134.0,512298.0,0.0,866963.0652173914,148941.36956521738,6.478260869565218,2.217391304347826,399743.933747412,2024,10,2024_10,111.0,13.0
2024-11,62478314.66666666,57867160.762081295,243134.0,512298.0,0.0,823836.2857142857,142201.33333333334,2.0,2.4285714285714284,377850.3484126984,2024,11,2024_11,57.0,63.0
2024-12,63648280.70588236,58378239.52957532,243134.0,512298.0,0.0,691562.8235294118,118549.29411764706,2.588235294117647,2.3529411764705883,299166.74313725485,2024,12,2024_12,47.0,77.0
2025-01,64514574.76923077,58125052.10786341,243134.0,512298.0,0.0,649855.3076923077,112424.92307692308,4.307692307692308,2.1538461538461537,305423.9871794872,2025,1,2025_01,44.0,80.0
2025-02,65863641.42857143,59959416.57156097,243134.0,512298.0,0.0,580827.2142857143,100483.07142857143,4.928571428571429,1.7857142857142858,329848.92261904763,2025,2,2025_02,37.0,75.0
2025-03,67336081.16666667,59320605.3334878,243134.0,512298.0,0.0,917192.8333333334,158282.0,1.6666666666666667,3.0,304142.1527777777,2025,3,2025_03,73.0,51.0
2025-04,68254750.25925925,59868293.60014416,243134.0,512298.0,0.1481481481481481,524147.962962963,90645.55555555556,13.666666666666666,1.4444444444444444,362070.4444444445,2025,4,2025_04,68.0,52.0
2025-05,69688342.4375,58400356.25017378,243134.0,512298.0,0.0,957014.0,164964.9375,3.96875,2.65625,382252.38203125,2025,5,2025_05,107.0,17.0
2025-06,70798249.26086956,57630054.20018536,243134.0,512298.0,0.0,1071239.391304348,190864.21739130435,12.695652173913045,2.4782608695652173,438932.331884058,2025,6,2025_06,96.0,24.0
2025-07,70514713.55813953,59927138.18154191,243134.0,512298.0,0.1395348837209302,1390220.1860465116,242045.27906976745,52.093023255813954,2.395348837209302,592020.4341085271,2025,7,2025_07,121.0,3.0
2025-08,71250347.28571428,59960379.638245285,243134.0,512298.0,0.119047619047619,1541826.619047619,271078.0714285714,67.57142857142857,2.1904761904761907,738595.3412698412,2025,8,2025_08,121.0,3.0
2025-09,74357557.6969697,60655380.80015166,243134.0,512298.0,0.0,1306013.0606060603,223067.39393939395,29.75757575757576,2.333333333333333,554466.1262626263,2025,9,2025_09,114.0,6.0
2025-10,76774222.9,61937754.75514366,243134.0,512298.0,0.075,897343.075,154804.375,7.375,2.3,385123.7375,2025,10,2025_10,110.0,14.0
2025-11,77837830.4,59672492.480166815,243134.0,512298.0,0.0,1044977.7,180781.2,6.1,2.8,378172.4166666666,2025,11,2025_11,41.0,79.0
2025-12,78860132.41666667,59305861.93350325,243134.0,512298.0,0.0,607555.5,105107.16666666669,18.08333333333333,1.75,348312.2847222222,2025,12,2025_12,49.0,75.0
2026-01,80119810.16666667,57630054.20018536,243134.0,512298.0,0.1666666666666666,1142818.1666666667,204168.3333333333,13.5,3.0,374773.52222222224,2026,1,2026_01,49.0,75.0
2026-02,80892187.0,57630054.20018536,243134.0,512298.0,0.0,5612279.5,970924.5,30.0,15.0,374151.9666666667,2026,2,2026_02,28.0,84.0
2026-07,80504602.25,66100774.62511585,243134.0,512298.0,0.5,2449015.75,423679.75,189.25,4.125,590316.5,2026,7,2026_07,28.0,96.0
2026-08,79817418.93333334,69416554.3600865,243134.0,512298.0,0.4,1761355.4666666666,302953.13333333336,232.8,2.8666666666666667,614063.8666666667,2026,8,2026_08,48.0,76.0
2024-07,58398876.0,57630054.20018536,243134.0,512299.0,0.0,2917555.0,0.0,1.0,3.0,972518.3333333334,2024,7,2024_07,3.0,59.0
2024-08,58578562.44444445,57758198.27793225,243134.0,512299.0,0.1111111111111111,3080440.755555556,170352.55555555556,10.11111111111111,3.1666666666666665,976994.3490740742,2024,8,2024_08,61.0,1.0
2024-09,59867858.25,57630054.20018536,243134.0,512299.0,0.0,4291506.75,742430.75,7.75,8.75,849009.4375,2024,9,2024_09,41.0,19.0
2024-10,60752869.75,57630054.20018536,243134.0,512299.0,0.0,3259884.5,573578.5,12.5,5.5,843837.2321428572,2024,10,2024_10,50.0,12.0
2024-11,62409828.625,58886628.02513902,243134.0,512299.0,0.0,1161610.375,200958.75,7.125,3.25,349740.5104166667,2024,11,2024_11,33.0,27.0
2024-12,63391870.25,57630054.20018536,243134.0,512299.0,0.0,1123354.0,194340.25,12.5,3.25,335172.21875,2024,12,2024_12,25.0,37.0
2025-01,64264456.5,57630054.20018536,243134.0,512299.0,0.0,1470195.5,283442.5,6.0,8.0,285750.4642857143,2025,1,2025_01,24.0,38.0
2025-02,65688621.2,57630054.20018536,243134.0,512299.0,0.0,1283352.6,222019.8,2.0,3.4,396369.3857142857,2025,2,2025_02,33.0,23.0
2025-03,67619955.0,61074561.80012357,243134.0,512299.0,0.0,1019406.3333333334,176357.33333333334,1.3333333333333333,3.0,339802.11111111107,2025,3,2025_03,28.0,34.0
2025-04,68489619.33333333,57630054.20018536,243134.0,512299.0,0.0,1052006.6666666667,187549.66666666663,3.333333333333333,2.333333333333333,461881.0555555556,2025,4,2025_04,19.0,41.0
2025-05,69898772.73333333,58492685.120173,243134.0,512299.0,0.0,1135987.0,195248.86666666667,2.6,2.466666666666667,475372.57,2025,5,2025_05,47.0,15.0
2025-06,71165482.5,57630054.20018536,243134.0,512299.0,0.0,1180811.6,204280.2,4.2,3.5,413020.5183333333,2025,6,2025_06,34.0,26.0
2025-07,70463424.77777778,60287205.8223664,243134.0,512299.0,0.0,5086133.333333333,886553.8888888889,56.44444444444444,3.555555555555556,1301596.4444444445,2025,7,2025_07,55.0,7.0
2025-08,71512071.13333334,61219180.1468026,243134.0,512299.0,0.1333333333333333,5062520.266666667,884079.4,59.8,3.066666666666667,1618184.2133333334,2025,8,2025_08,48.0,14.0
2025-09,75677780.4375,58788718.93767378,243134.0,512299.0,0.0,1833572.0625,320935.8125,3.125,2.5625,747082.2375,2025,9,2025_09,66.0,-6.0
2025-10,76796874.125,64758906.75011585,243134.0,512299.0,0.125,1065384.875,177770.25,2.25,2.5,464875.2083333333,2025,10,2025_10,48.0,14.0
2025-11,78136390.5,57630054.20018536,243134.0,512299.0,0.0,1422096.75,246022.75,0.75,4.5,355524.2013888889,2025,11,2025_11,24.0,36.0
2025-12,79483525.0,57630054.20018536,243134.0,512299.0,0.0,855392.5,147983.0,18.5,1.5,528079.5,2025,12,2025_12,19.0,43.0
2026-01,78361996.66666667,65146606.46679024,243134.0,512299.0,0.0,904577.3333333334,144751.0,51.0,1.6666666666666667,515493.0,2026,1,2026_01,19.0,43.0
2026-08,77496789.5,67563421.60009268,243134.0,512299.0,0.5,4592448.0,794493.5,285.0,4.0,1148112.0,2026,8,2026_08,8.0,54.0
2024-07,58398944.333333336,57630054.20018536,243134.0,512300.0,0.0,544353.3333333334,0.0,0.0,1.3333333333333333,391149.3333333333,2024,7,2024_07,15.0,140.0
2024-08,58559720.52830189,57826590.585045554,243134.0,512300.0,0.0754716981132075,1376920.452830189,28008.22641509434,12.754716981132075,2.4716981132075477,574685.4874213836,2024,8,2024_08,153.0,2.0
2024-09,59856866.717391305,57829404.852339126,243134.0,512300.0,0.0,1160089.543478261,198004.63043478265,12.043478260869565,2.891304347826087,398944.9674430642,2024,9,2024_09,143.0,7.0
2024-10,61264401.81818182,57958293.02289578,243134.0,512300.0,0.0,890568.5454545454,154284.70454545456,4.886363636363637,2.272727272727273,390741.571969697,2024,10,2024_10,130.0,25.0
2024-11,62534335.66666666,58045813.76683658,243134.0,512300.0,0.0,644742.0833333334,112104.75,1.0,2.0,321612.2777777778,2024,11,2024_11,59.0,91.0
2024-12,63578079.2,58225105.980166815,243134.0,512300.0,0.0,598876.1,105460.5,9.6,1.8,320695.63333333336,2024,12,2024_12,24.0,131.0
2025-01,64598255.5,57630054.20018536,243134.0,512300.0,0.0,854358.75,147804.0,1.0,2.75,315817.3392857143,2025,1,2025_01,28.0,127.0
2025-02,63555307.0,57630054.20018536,243134.0,512300.0,0.0,722434.5,124981.0,63.0,2.0,361217.25,2025,2,2025_02,18.0,122.0
2025-03,67565261.54545455,60418041.14558935,243134.0,512300.0,0.0,844000.4545454546,146440.0909090909,2.636363636363636,2.727272727272727,368572.9090909091,2025,3,2025_03,45.0,110.0
2025-04,68721786.78571428,59224220.38587316,243134.0,512300.0,0.0,1042835.7142857144,179282.5,4.142857142857143,2.7857142857142856,359826.7916666666,2025,4,2025_04,91.0,59.0
2025-05,70034367.63333334,58061369.660179175,243134.0,512300.0,0.0,843883.8666666667,147268.86666666667,2.433333333333333,2.1333333333333333,394889.9972222222,2025,5,2025_05,127.0,28.0
2025-06,71425154.0,57630054.20018536,243134.0,512300.0,0.0,1159725.45,200632.45,1.15,2.6,452594.1916666667,2025,6,2025_06,123.0,27.0
2025-07,70579383.48837209,60525155.800137945,243134.0,512300.0,0.2325581395348837,1312759.6976744186,224177.8139534884,49.55813953488372,2.604651162790698,509137.08527131786,2025,7,2025_07,155.0,0.0
2025-08,70406328.0,60869217.675687365,243134.0,512300.0,0.2,1474769.111111111,251972.7333333333,86.73333333333333,2.422222222222222,619454.3703703705,2025,8,2025_08,151.0,4.0
2025-09,74865207.0,60112236.85278767,243134.0,512300.0,0.0,1155587.4210526317,201536.8947368421,20.34210526315789,2.236842105263158,552001.0,2025,9,2025_09,138.0,12.0
2025-10,76957864.23809524,58567124.09541462,243134.0,512300.0,0.0238095238095238,832455.5,145676.30952380953,2.857142857142857,2.2857142857142856,372557.2043650794,2025,10,2025_10,140.0,15.0
2025-11,78358863.14285715,63630224.71441811,243134.0,512300.0,0.0,1124451.4285714286,194530.0,1.5714285714285714,2.857142857142857,400616.78571428574,2025,11,2025_11,66.0,84.0
2025-12,79479169.0,57630054.20018536,243134.0,512300.0,0.0,985900.0,170561.0,0.5,3.0,328633.3333333333,2025,12,2025_12,57.0,98.0
2026-02,80892274.0,57630054.20018536,243134.0,512300.0,0.0,4928623.0,852651.0,30.0,15.0,328574.86666666664,2026,2,2026_02,18.0,122.0
2026-03,81360012.0,57630054.20018536,243134.0,512300.0,0.0,1095250.0,189479.0,62.0,3.0,365083.3333333333,2026,3,2026_03,8.0,147.0
2026-07,80979147.66666667,65522746.80012357,243134.0,512300.0,0.3333333333333333,2027160.0,350698.6666666667,188.66666666666663,3.333333333333333,608148.0,2026,7,2026_07,15.0,140.0
2026-08,80962578.83333333,69301957.10009268,243134.0,512300.0,0.0,2199218.333333333,384868.5,203.0,3.6666666666666665,612527.6666666666,2026,8,2026_08,48.0,107.0
2024-08,58810744.0,57630054.20018536,243134.0,515268.0,0.0,3480230.0,478964.5,15.0,3.0,1160076.6666666667,2024,8,2024_08,19.0,74.0
2024-09,60081626.083333336,57630054.20018536,243134.0,515268.0,0.0,2064533.9166666667,357164.1666666667,9.083333333333334,2.5,777746.875,2024,9,2024_09,39.0,51.0
2024-10,61425675.9,58811622.24012976,243134.0,515268.0,0.0,872730.1,150982.3,6.4,1.9,409996.5666666667,2024,10,2024_10,38.0,55.0
2024-11,62435050.66666666,58143230.51127587,243134.0,515268.0,0.0,907331.6666666666,156968.44444444444,1.0,2.888888888888889,329679.64444444445,2024,11,2024_11,32.0,58.0
2025-01,64301476.0,64301474.0,243134.0,515268.0,0.6666666666666666,843437.0,126516.0,11.0,2.0,421718.5,2025,1,2025_01,13.0,80.0
2025-02,65949146.0,57630054.20018536,243134.0,515268.0,0.0,854193.3333333334,147775.33333333334,1.0,2.6666666666666665,321965.1666666667,2025,2,2025_02,18.0,66.0
2025-03,67404761.6,59447717.76014829,243134.0,515268.0,0.0,614626.2,106330.2,11.6,2.0,312919.56666666665,2025,3,2025_03,12.0,81.0
2025-04,67118139.2,61109513.92011122,243134.0,515268.0,0.0,1030224.9,178228.8,41.6,2.4,416747.1666666667,2025,4,2025_04,30.0,60.0
2025-05,70155642.66666667,57630054.20018536,243134.0,515268.0,0.0,1032183.0,178567.77777777778,2.0,2.555555555555556,414782.15555555554,2025,5,2025_05,52.0,41.0
2025-06,70515926.75,57630054.20018536,243134.0,515268.0,0.0,1515550.5,262190.0,18.5,3.25,467843.875,2025,6,2025_06,64.0,26.0
2025-07,71995983.18181819,60486076.80015165,243134.0,515268.0,0.2727272727272727,4226972.545454546,731266.0909090909,22.727272727272727,2.909090909090909,1337576.9772727273,2025,7,2025_07,72.0,21.0
2025-08,67607911.125,60842427.25011585,243134.0,515268.0,0.5625,3405689.125,585408.5,149.5,2.125,1422654.8125,2025,8,2025_08,83.0,10.0
2025-09,75341689.41666667,60581281.00015447,243134.0,515268.0,0.0,2288271.583333333,393670.5833333333,4.916666666666667,2.833333333333333,857959.9833333334,2025,9,2025_09,82.0,8.0
2025-10,76743022.0,59778698.84460921,243134.0,515268.0,0.0,1434406.0,248152.22222222225,6.666666666666667,2.6666666666666665,555370.0,2025,10,2025_10,74.0,19.0
2025-11,76780937.0,57630054.20018536,243134.0,515268.0,0.0,758452.0,131212.0,23.0,2.0,379226.0,2025,11,2025_11,38.0,52.0
2025-12,79961739.0,57630054.20018536,243134.0,515268.0,0.0,1137677.0,196819.0,1.0,3.0,379225.6666666667,2025,12,2025_12,43.0,50.0
2026-01,80242125.0,57630054.20018536,243134.0,515268.0,0.0,1736631.5,318048.5,0.0,3.0,678702.875,2026,1,2026_01,43.0,50.0
2026-05,79909922.0,57630054.20018536,243134.0,515268.0,0.0,722880.0,125058.0,151.0,4.0,180720.0,2026,5,2026_05,35.0,58.0
2026-06,79863783.0,57630054.20018536,243134.0,515268.0,0.0,2150568.0,372048.0,187.0,14.0,153612.0,2026,6,2026_06,4.0,86.0
2026-07,79837307.0,72434888.73339511,243134.0,515268.0,0.6666666666666666,682720.0,118110.66666666669,222.0,4.0,170680.0,2026,7,2026_07,13.0,80.0
2026-08,79877040.5,68753547.10009268,243134.0,515268.0,0.0,341360.0,59055.5,228.0,2.0,170680.0,2026,8,2026_08,13.0,80.0
2026-09,79845389.0,65029629.13345691,243134.0,515268.0,0.0,852992.0,147567.66666666666,258.6666666666667,4.666666666666667,177740.66666666666,2026,9,2026_09,14.0,76.0
2026-07,81229050.0,57630054.20018536,179195.0,622210.0,0.0,8550000.0,1539000.0,182.0,5.0,1710000.0,2026,7,2026_07,5.0,88.0
